algorithm,timestamp,keys_in_memory
THRESHOLD,1000.2,96
THRESHOLD,1000.6000000000001,92
THRESHOLD,1001.0000000000002,96
THRESHOLD,1001.4000000000003,95
THRESHOLD,1001.8000000000004,95
THRESHOLD,1002.2000000000005,96
THRESHOLD,1002.6000000000006,96
TUMBLING,1005.0,712
THRESHOLD,1003.0000000000007,96
THRESHOLD,1003.4000000000008,95
THRESHOLD,1003.8000000000009,95
THRESHOLD,1004.200000000001,97
THRESHOLD,1004.600000000001,96
THRESHOLD,1005.0000000000011,94
THRESHOLD,1005.4000000000012,96
THRESHOLD,1005.8000000000013,91
THRESHOLD,1006.2000000000014,93
THRESHOLD,1006.6000000000015,96
THRESHOLD,1007.0000000000016,99
THRESHOLD,1007.4000000000017,93
THRESHOLD,1007.8000000000018,95
THRESHOLD,1008.2000000000019,97
SLIDING,1000.6000000000001,138
SLIDING,1001.0000000000002,219
SLIDING,1001.6000000000004,323
SLIDING,1002.0000000000005,386
SLIDING,1002.6000000000006,467
SLIDING,1003.0000000000007,524
SESSION,1000.6000000000001,138
SESSION,1001.0000000000002,219
SESSION,1001.6000000000004,323
SESSION,1002.0000000000005,386
THRESHOLD,1008.600000000002,93
THRESHOLD,1009.000000000002,95
THRESHOLD,1009.4000000000021,99
THRESHOLD,1009.8000000000022,98
THRESHOLD,1010.2000000000023,97
THRESHOLD,1010.6000000000024,95
THRESHOLD,1011.0000000000025,96
SESSION,1002.6000000000006,467
SESSION,1003.0000000000007,498
SESSION,1003.6000000000008,490
SESSION,1004.0000000000009,493
SLIDING,1003.6000000000008,588
SLIDING,1004.0000000000009,632
SLIDING,1004.600000000001,684
TUMBLING,1010.0,722
THRESHOLD,1011.4000000000026,97
THRESHOLD,1011.8000000000027,92
THRESHOLD,1012.2000000000028,94
SLIDING,1005.0000000000011,695
SLIDING,1005.6000000000013,682
SESSION,1004.600000000001,498
SESSION,1005.0000000000011,504
SESSION,1005.6000000000013,491
THRESHOLD,1012.6000000000029,96
THRESHOLD,1013.000000000003,97
THRESHOLD,1013.400000000003,96
THRESHOLD,1013.8000000000031,92
THRESHOLD,1014.2000000000032,94
SLIDING,1006.0000000000014,690
SLIDING,1006.6000000000015,700
SLIDING,1007.0000000000016,707
SESSION,1006.0000000000014,500
SESSION,1006.6000000000015,508
THRESHOLD,1014.6000000000033,97
THRESHOLD,1015.0000000000034,97
THRESHOLD,1015.4000000000035,94
THRESHOLD,1015.8000000000036,95
THRESHOLD,1016.2000000000037,97
SLIDING,1007.6000000000017,708
SLIDING,1008.0000000000018,709
SLIDING,1008.600000000002,707
SESSION,1007.0000000000016,504
SESSION,1007.6000000000017,502
SESSION,1008.0000000000018,516
SLIDING,1009.000000000002,706
SLIDING,1009.6000000000022,710
THRESHOLD,1016.6000000000038,92
THRESHOLD,1017.0000000000039,93
THRESHOLD,1017.400000000004,96
THRESHOLD,1017.800000000004,96
THRESHOLD,1018.2000000000041,93
THRESHOLD,1018.6000000000042,96
THRESHOLD,1019.0000000000043,94
TUMBLING,1015.0,721
SESSION,1008.600000000002,516
SESSION,1009.000000000002,515
THRESHOLD,1019.4000000000044,97
THRESHOLD,1019.8000000000045,92
THRESHOLD,1020.2000000000046,96
SLIDING,1010.0000000000023,712
SLIDING,1010.6000000000024,800
SLIDING,1011.0000000000025,838
SESSION,1009.6000000000022,510
SESSION,1010.0000000000023,502
SESSION,1010.6000000000024,564
SESSION,1011.0000000000025,585
THRESHOLD,1020.6000000000047,98
THRESHOLD,1021.0000000000048,94
THRESHOLD,1021.4000000000049,97
THRESHOLD,1021.800000000005,98
THRESHOLD,1022.200000000005,94
SESSION,1011.6000000000026,596
SESSION,1012.0000000000027,586
SESSION,1012.6000000000029,536
SESSION,1013.000000000003,521
SESSION,1013.6000000000031,527
SESSION,1014.0000000000032,524
SLIDING,1011.6000000000026,885
SLIDING,1012.0000000000027,898
SLIDING,1012.6000000000029,908
THRESHOLD,1022.6000000000051,97
THRESHOLD,1023.0000000000052,96
THRESHOLD,1023.4000000000053,94
THRESHOLD,1023.8000000000054,97
THRESHOLD,1024.2000000000055,96
THRESHOLD,1024.6000000000056,95
THRESHOLD,1025.0000000000057,92
THRESHOLD,1025.4000000000058,92
SESSION,1014.6000000000033,520
SESSION,1015.0000000000034,516
SESSION,1015.6000000000035,501
SESSION,1016.0000000000036,497
SESSION,1016.6000000000038,498
SESSION,1017.0000000000039,499
THRESHOLD,1025.8000000000059,97
THRESHOLD,1026.200000000006,93
THRESHOLD,1026.600000000006,97
THRESHOLD,1027.0000000000061,92
THRESHOLD,1027.4000000000062,95
THRESHOLD,1027.8000000000063,97
THRESHOLD,1028.2000000000064,97
SLIDING,1013.000000000003,897
SLIDING,1013.6000000000031,876
SLIDING,1014.0000000000032,838
SESSION,1017.600000000004,496
SESSION,1018.0000000000041,503
SESSION,1018.6000000000042,507
SESSION,1019.0000000000043,511
SESSION,1019.6000000000045,511
SESSION,1020.0000000000045,516
TUMBLING,1020.0,713
THRESHOLD,1028.6000000000065,95
THRESHOLD,1029.0000000000066,96
THRESHOLD,1029.4000000000067,92
THRESHOLD,1029.8000000000068,94
THRESHOLD,1030.2000000000069,93
THRESHOLD,1030.600000000007,94
SESSION,1020.6000000000047,563
SESSION,1021.0000000000048,593
SESSION,1021.6000000000049,610
SESSION,1022.000000000005,606
SLIDING,1014.6000000000033,749
SLIDING,1015.0000000000034,713
SLIDING,1015.6000000000035,706
THRESHOLD,1031.000000000007,100
THRESHOLD,1031.4000000000071,95
THRESHOLD,1031.8000000000072,95
THRESHOLD,1032.2000000000073,95
THRESHOLD,1032.6000000000074,95
TUMBLING,1025.0,733
SESSION,1022.6000000000051,557
SESSION,1023.0000000000052,527
SESSION,1023.6000000000054,512
SESSION,1024.0000000000055,518
THRESHOLD,1033.0000000000075,91
THRESHOLD,1033.4000000000076,94
THRESHOLD,1033.8000000000077,92
THRESHOLD,1034.2000000000078,95
THRESHOLD,1034.6000000000079,93
SLIDING,1016.0000000000036,706
SLIDING,1016.6000000000038,692
SLIDING,1017.0000000000039,707
SESSION,1024.6000000000056,518
SESSION,1025.0000000000057,520
SESSION,1025.6000000000058,513
SESSION,1026.000000000006,509
THRESHOLD,1035.000000000008,92
THRESHOLD,1035.400000000008,95
THRESHOLD,1035.8000000000081,97
THRESHOLD,1036.2000000000082,94
THRESHOLD,1036.6000000000083,95
TUMBLING,1030.0,717
SLIDING,1017.600000000004,701
SLIDING,1018.0000000000041,706
THRESHOLD,1037.0000000000084,96
THRESHOLD,1037.4000000000085,98
THRESHOLD,1037.8000000000086,97
THRESHOLD,1038.2000000000087,95
THRESHOLD,1038.6000000000088,94
THRESHOLD,1039.0000000000089,97
SESSION,1026.600000000006,506
SESSION,1027.0000000000061,491
SESSION,1027.6000000000063,497
SESSION,1028.0000000000064,492
SLIDING,1018.6000000000042,697
SLIDING,1019.0000000000043,705
SLIDING,1019.6000000000045,695
THRESHOLD,1039.400000000009,91
THRESHOLD,1039.800000000009,92
THRESHOLD,1040.2000000000091,96
THRESHOLD,1040.6000000000092,97
THRESHOLD,1041.0000000000093,98
THRESHOLD,1041.4000000000094,94
THRESHOLD,1041.8000000000095,96
THRESHOLD,1042.2000000000096,98
SESSION,1028.6000000000065,499
SESSION,1029.0000000000066,504
SESSION,1029.6000000000067,499
SESSION,1030.0000000000068,497
SLIDING,1020.0000000000045,701
SLIDING,1020.6000000000047,796
SLIDING,1021.0000000000048,852
SLIDING,1021.6000000000049,909
THRESHOLD,1042.6000000000097,95
THRESHOLD,1043.0000000000098,97
THRESHOLD,1043.4000000000099,97
THRESHOLD,1043.80000000001,96
TUMBLING,1035.0,704
SESSION,1030.600000000007,554
SESSION,1031.000000000007,576
SESSION,1031.6000000000072,596
SLIDING,1022.000000000005,938
SLIDING,1022.6000000000051,933
SLIDING,1023.0000000000052,920
THRESHOLD,1044.20000000001,98
THRESHOLD,1044.6000000000101,93
THRESHOLD,1045.0000000000102,94
SESSION,1032.0000000000073,580
SESSION,1032.6000000000074,534
SESSION,1033.0000000000075,503
THRESHOLD,1045.4000000000103,94
THRESHOLD,1045.8000000000104,96
SLIDING,1023.6000000000054,880
SLIDING,1024.0000000000055,844
THRESHOLD,1046.2000000000105,97
THRESHOLD,1046.6000000000106,97
THRESHOLD,1047.0000000000107,96
THRESHOLD,1047.4000000000108,94
SESSION,1033.6000000000076,502
SESSION,1034.0000000000077,502
SESSION,1034.6000000000079,501
SLIDING,1024.6000000000056,749
SLIDING,1025.0000000000057,715
SLIDING,1025.6000000000058,704
THRESHOLD,1047.8000000000109,97
THRESHOLD,1048.200000000011,93
THRESHOLD,1048.600000000011,95
THRESHOLD,1049.0000000000111,90
THRESHOLD,1049.4000000000112,94
TUMBLING,1040.0,739
SESSION,1035.000000000008,509
SESSION,1035.600000000008,487
SESSION,1036.0000000000082,489
SLIDING,1026.000000000006,708
SLIDING,1026.600000000006,716
SLIDING,1027.0000000000061,709
THRESHOLD,1049.8000000000113,94
THRESHOLD,1050.2000000000114,96
THRESHOLD,1050.6000000000115,98
THRESHOLD,1051.0000000000116,93
THRESHOLD,1051.4000000000117,95
SESSION,1036.6000000000083,500
SESSION,1037.0000000000084,506
SESSION,1037.6000000000085,520
SESSION,1038.0000000000086,525
SESSION,1038.6000000000088,528
THRESHOLD,1051.8000000000118,93
THRESHOLD,1052.2000000000119,93
THRESHOLD,1052.600000000012,93
THRESHOLD,1053.000000000012,96
THRESHOLD,1053.4000000000121,97
THRESHOLD,1053.8000000000122,96
THRESHOLD,1054.2000000000123,91
SLIDING,1027.6000000000063,708
SLIDING,1028.0000000000064,696
SLIDING,1028.6000000000065,698
SLIDING,1029.0000000000066,697
SLIDING,1029.6000000000067,701
SESSION,1039.0000000000089,526
SESSION,1039.600000000009,513
SESSION,1040.000000000009,514
TUMBLING,1045.0,722
THRESHOLD,1054.6000000000124,95
THRESHOLD,1055.0000000000125,95
THRESHOLD,1055.4000000000126,99
THRESHOLD,1055.8000000000127,95
SESSION,1040.6000000000092,567
SESSION,1041.0000000000093,584
SESSION,1041.6000000000095,583
SESSION,1042.0000000000095,564
SESSION,1042.6000000000097,517
SLIDING,1030.0000000000068,702
SLIDING,1030.600000000007,787
SLIDING,1031.000000000007,832
THRESHOLD,1056.2000000000128,93
THRESHOLD,1056.6000000000129,95
THRESHOLD,1057.000000000013,95
THRESHOLD,1057.400000000013,93
THRESHOLD,1057.8000000000131,93
THRESHOLD,1058.2000000000132,93
THRESHOLD,1058.6000000000133,92
SESSION,1043.0000000000098,494
SESSION,1043.60000000001,504
SESSION,1044.00000000001,503
SESSION,1044.6000000000101,503
SESSION,1045.0000000000102,509
SESSION,1045.6000000000104,514
THRESHOLD,1059.0000000000134,94
THRESHOLD,1059.4000000000135,94
THRESHOLD,1059.8000000000136,95
THRESHOLD,1060.2000000000137,98
THRESHOLD,1060.6000000000138,96
THRESHOLD,1061.0000000000139,96
THRESHOLD,1061.400000000014,97
SLIDING,1031.6000000000072,884
SLIDING,1032.0000000000073,898
SLIDING,1032.6000000000074,895
SLIDING,1033.0000000000075,877
SLIDING,1033.6000000000076,841
SESSION,1046.0000000000105,511
SESSION,1046.6000000000106,503
SESSION,1047.0000000000107,500
SESSION,1047.6000000000108,494
SESSION,1048.000000000011,493
SESSION,1048.600000000011,495
TUMBLING,1050.0,694
TUMBLING,1055.0,723
THRESHOLD,1061.800000000014,93
THRESHOLD,1062.2000000000141,96
THRESHOLD,1062.6000000000142,97
THRESHOLD,1063.0000000000143,96
THRESHOLD,1063.4000000000144,95
SESSION,1049.0000000000111,493
SESSION,1049.6000000000113,495
SESSION,1050.0000000000114,485
SLIDING,1034.0000000000077,800
SLIDING,1034.6000000000079,722
SLIDING,1035.000000000008,694
SLIDING,1035.600000000008,687
THRESHOLD,1063.8000000000145,93
THRESHOLD,1064.2000000000146,98
THRESHOLD,1064.6000000000147,93
THRESHOLD,1065.0000000000148,93
THRESHOLD,1065.4000000000149,94
SESSION,1050.6000000000115,551
SESSION,1051.0000000000116,575
SESSION,1051.6000000000117,584
SESSION,1052.0000000000118,581
THRESHOLD,1065.800000000015,96
THRESHOLD,1066.200000000015,95
THRESHOLD,1066.6000000000151,99
THRESHOLD,1067.0000000000152,92
THRESHOLD,1067.4000000000153,96
THRESHOLD,1067.8000000000154,98
THRESHOLD,1068.2000000000155,97
THRESHOLD,1068.6000000000156,97
SLIDING,1036.0000000000082,688
SLIDING,1036.6000000000083,700
SLIDING,1037.0000000000084,702
TUMBLING,1060.0,708
THRESHOLD,1069.0000000000157,94
THRESHOLD,1069.4000000000158,97
THRESHOLD,1069.8000000000159,92
THRESHOLD,1070.200000000016,95
THRESHOLD,1070.600000000016,95
SESSION,1052.600000000012,556
SESSION,1053.000000000012,526
SESSION,1053.6000000000122,519
SESSION,1054.0000000000123,517
SESSION,1054.6000000000124,496
SLIDING,1037.6000000000085,704
SLIDING,1038.0000000000086,707
SLIDING,1038.6000000000088,715
SLIDING,1039.0000000000089,723
SLIDING,1039.600000000009,725
SESSION,1055.0000000000125,499
SESSION,1055.6000000000126,509
SESSION,1056.0000000000127,512
SESSION,1056.6000000000129,501
SESSION,1057.000000000013,499
SESSION,1057.600000000013,482
THRESHOLD,1071.0000000000161,95
THRESHOLD,1071.4000000000162,99
THRESHOLD,1071.8000000000163,94
THRESHOLD,1072.2000000000164,92
THRESHOLD,1072.6000000000165,96
THRESHOLD,1073.0000000000166,96
THRESHOLD,1073.4000000000167,96
TUMBLING,1065.0,724
SESSION,1058.0000000000132,495
SESSION,1058.6000000000133,499
SESSION,1059.0000000000134,505
SLIDING,1040.000000000009,726
SLIDING,1040.6000000000092,814
SLIDING,1041.0000000000093,853
SLIDING,1041.6000000000095,894
SLIDING,1042.0000000000095,901
THRESHOLD,1073.8000000000168,96
THRESHOLD,1074.2000000000169,94
THRESHOLD,1074.600000000017,93
THRESHOLD,1075.000000000017,96
THRESHOLD,1075.4000000000171,95
THRESHOLD,1075.8000000000172,98
THRESHOLD,1076.2000000000173,97
THRESHOLD,1076.6000000000174,97
SESSION,1059.6000000000136,509
SESSION,1060.0000000000136,501
SESSION,1060.6000000000138,555
SESSION,1061.0000000000139,574
SESSION,1061.600000000014,581
THRESHOLD,1077.0000000000175,94
THRESHOLD,1077.4000000000176,91
THRESHOLD,1077.8000000000177,95
THRESHOLD,1078.2000000000178,97
THRESHOLD,1078.6000000000179,97
THRESHOLD,1079.000000000018,96
THRESHOLD,1079.400000000018,95
SLIDING,1042.6000000000097,895
SLIDING,1043.0000000000098,879
SLIDING,1043.60000000001,834
SLIDING,1044.00000000001,802
SLIDING,1044.6000000000101,736
THRESHOLD,1079.8000000000181,96
THRESHOLD,1080.2000000000182,94
THRESHOLD,1080.6000000000183,96
THRESHOLD,1081.0000000000184,99
THRESHOLD,1081.4000000000185,93
THRESHOLD,1081.8000000000186,94
THRESHOLD,1082.2000000000187,94
THRESHOLD,1082.6000000000188,95
SESSION,1062.000000000014,576
SESSION,1062.6000000000142,526
SESSION,1063.0000000000143,513
SLIDING,1045.0000000000102,705
SLIDING,1045.6000000000104,706
SLIDING,1046.0000000000105,702
TUMBLING,1070.0,712
SLIDING,1046.6000000000106,693
SLIDING,1047.0000000000107,705
SLIDING,1047.6000000000108,700
SLIDING,1048.000000000011,697
THRESHOLD,1083.0000000000189,93
THRESHOLD,1083.400000000019,95
THRESHOLD,1083.800000000019,92
THRESHOLD,1084.2000000000191,94
THRESHOLD,1084.6000000000192,93
SESSION,1063.6000000000145,518
SESSION,1064.0000000000146,514
SESSION,1064.6000000000147,519
SESSION,1065.0000000000148,512
SESSION,1065.600000000015,508
SESSION,1066.000000000015,500
THRESHOLD,1085.0000000000193,96
THRESHOLD,1085.4000000000194,97
THRESHOLD,1085.8000000000195,94
THRESHOLD,1086.2000000000196,97
THRESHOLD,1086.6000000000197,91
SESSION,1066.6000000000151,494
SESSION,1067.0000000000152,490
SESSION,1067.6000000000154,493
SESSION,1068.0000000000155,512
TUMBLING,1075.0,706
SLIDING,1048.600000000011,693
SLIDING,1049.0000000000111,688
SLIDING,1049.6000000000113,687
SLIDING,1050.0000000000114,686
SLIDING,1050.6000000000115,788
SLIDING,1051.0000000000116,835
SLIDING,1051.6000000000117,875
SESSION,1068.6000000000156,504
SESSION,1069.0000000000157,507
SESSION,1069.6000000000158,503
SESSION,1070.000000000016,507
THRESHOLD,1087.0000000000198,99
THRESHOLD,1087.4000000000199,96
THRESHOLD,1087.80000000002,97
THRESHOLD,1088.20000000002,93
THRESHOLD,1088.6000000000201,95
THRESHOLD,1089.0000000000202,95
THRESHOLD,1089.4000000000203,98
THRESHOLD,1089.8000000000204,98
THRESHOLD,1090.2000000000205,95
THRESHOLD,1090.6000000000206,96
THRESHOLD,1091.0000000000207,94
SESSION,1070.600000000016,559
SESSION,1071.0000000000161,577
SESSION,1071.6000000000163,580
SESSION,1072.0000000000164,568
SESSION,1072.6000000000165,524
SLIDING,1052.0000000000118,893
SLIDING,1052.600000000012,915
SLIDING,1053.000000000012,896
THRESHOLD,1091.4000000000208,95
THRESHOLD,1091.8000000000209,98
THRESHOLD,1092.200000000021,93
THRESHOLD,1092.600000000021,98
THRESHOLD,1093.0000000000211,95
THRESHOLD,1093.4000000000212,95
THRESHOLD,1093.8000000000213,97
SESSION,1073.0000000000166,500
SESSION,1073.6000000000167,499
SESSION,1074.0000000000168,496
SESSION,1074.600000000017,499
SESSION,1075.000000000017,500
SLIDING,1053.6000000000122,866
SLIDING,1054.0000000000123,826
SLIDING,1054.6000000000124,744
SLIDING,1055.0000000000125,711
THRESHOLD,1094.2000000000214,95
THRESHOLD,1094.6000000000215,96
THRESHOLD,1095.0000000000216,96
THRESHOLD,1095.4000000000217,96
THRESHOLD,1095.8000000000218,92
THRESHOLD,1096.2000000000219,92
THRESHOLD,1096.600000000022,96
SESSION,1075.6000000000172,507
SESSION,1076.0000000000173,504
SESSION,1076.6000000000174,502
SESSION,1077.0000000000175,500
SESSION,1077.6000000000176,502
TUMBLING,1080.0,711
TUMBLING,1085.0,696
SLIDING,1055.6000000000126,707
SLIDING,1056.0000000000127,711
SLIDING,1056.6000000000129,687
SLIDING,1057.000000000013,690
SLIDING,1057.600000000013,681
THRESHOLD,1097.000000000022,93
THRESHOLD,1097.4000000000221,97
THRESHOLD,1097.8000000000222,93
THRESHOLD,1098.2000000000223,93
SESSION,1078.0000000000177,506
SESSION,1078.6000000000179,499
SESSION,1079.000000000018,492
SESSION,1079.600000000018,486
SESSION,1080.0000000000182,495
SESSION,1080.6000000000183,550
SLIDING,1058.0000000000132,681
SLIDING,1058.6000000000133,678
SLIDING,1059.0000000000134,688
SLIDING,1059.6000000000136,697
THRESHOLD,1098.6000000000224,93
THRESHOLD,1099.0000000000225,93
THRESHOLD,1099.4000000000226,97
THRESHOLD,1099.8000000000227,96
SESSION,1081.0000000000184,571
SESSION,1081.6000000000186,598
SESSION,1082.0000000000186,592
SESSION,1082.6000000000188,537
SLIDING,1060.0000000000136,697
SLIDING,1060.6000000000138,789
SLIDING,1061.0000000000139,835
SESSION,1083.0000000000189,511
SESSION,1083.600000000019,503
SESSION,1084.000000000019,491
SESSION,1084.6000000000192,496
SESSION,1085.0000000000193,484
THRESHOLD,1100.2000000000228,95
THRESHOLD,1100.6000000000229,92
THRESHOLD,1101.000000000023,96
THRESHOLD,1101.400000000023,98
THRESHOLD,1101.8000000000231,96
SLIDING,1061.600000000014,881
SLIDING,1062.000000000014,893
SLIDING,1062.6000000000142,891
SLIDING,1063.0000000000143,893
TUMBLING,1090.0,719
TUMBLING,1095.0,715
SESSION,1085.6000000000195,498
SESSION,1086.0000000000196,508
SESSION,1086.6000000000197,515
SESSION,1087.0000000000198,521
SESSION,1087.60000000002,506
THRESHOLD,1102.2000000000232,97
THRESHOLD,1102.6000000000233,98
THRESHOLD,1103.0000000000234,90
THRESHOLD,1103.4000000000235,95
THRESHOLD,1103.8000000000236,93
THRESHOLD,1104.2000000000237,97
SLIDING,1063.6000000000145,858
SLIDING,1064.0000000000146,821
SLIDING,1064.6000000000147,741
SLIDING,1065.0000000000148,709
SLIDING,1065.600000000015,707
SESSION,1088.00000000002,498
SESSION,1088.6000000000201,497
SESSION,1089.0000000000202,497
SESSION,1089.6000000000204,505
THRESHOLD,1104.6000000000238,95
THRESHOLD,1105.0000000000239,95
THRESHOLD,1105.400000000024,96
THRESHOLD,1105.800000000024,96
THRESHOLD,1106.2000000000241,95
THRESHOLD,1106.6000000000242,95
SLIDING,1066.000000000015,701
SLIDING,1066.6000000000151,696
SLIDING,1067.0000000000152,688
SLIDING,1067.6000000000154,693
SESSION,1090.0000000000205,506
SESSION,1090.6000000000206,569
SESSION,1091.0000000000207,587
SESSION,1091.6000000000208,599
SESSION,1092.000000000021,592
THRESHOLD,1107.0000000000243,96
THRESHOLD,1107.4000000000244,97
THRESHOLD,1107.8000000000245,93
THRESHOLD,1108.2000000000246,97
THRESHOLD,1108.6000000000247,98
THRESHOLD,1109.0000000000248,96
SLIDING,1068.0000000000155,691
SLIDING,1068.6000000000156,690
SLIDING,1069.0000000000157,689
SLIDING,1069.6000000000158,694
SLIDING,1070.000000000016,702
THRESHOLD,1109.4000000000249,94
THRESHOLD,1109.800000000025,93
THRESHOLD,1110.200000000025,92
THRESHOLD,1110.6000000000251,96
THRESHOLD,1111.0000000000252,95
THRESHOLD,1111.4000000000253,93
THRESHOLD,1111.8000000000254,96
SESSION,1092.600000000021,528
SESSION,1093.0000000000211,510
SESSION,1093.6000000000213,500
SESSION,1094.0000000000214,504
SESSION,1094.6000000000215,499
SESSION,1095.0000000000216,494
SLIDING,1070.600000000016,785
SLIDING,1071.0000000000161,824
SLIDING,1071.6000000000163,870
SLIDING,1072.0000000000164,895
SLIDING,1072.6000000000165,899
THRESHOLD,1112.2000000000255,93
THRESHOLD,1112.6000000000256,97
THRESHOLD,1113.0000000000257,99
THRESHOLD,1113.4000000000258,97
THRESHOLD,1113.8000000000259,96
SESSION,1095.6000000000217,496
SESSION,1096.0000000000218,501
SESSION,1096.600000000022,507
SESSION,1097.000000000022,507
SLIDING,1073.0000000000166,886
SLIDING,1073.6000000000167,843
SLIDING,1074.0000000000168,808
SLIDING,1074.600000000017,727
TUMBLING,1100.0,701
THRESHOLD,1114.200000000026,93
THRESHOLD,1114.600000000026,97
THRESHOLD,1115.0000000000261,96
SESSION,1097.6000000000222,499
SESSION,1098.0000000000223,498
SESSION,1098.6000000000224,496
SLIDING,1075.000000000017,689
SLIDING,1075.6000000000172,687
SLIDING,1076.0000000000173,697
THRESHOLD,1115.4000000000262,96
THRESHOLD,1115.8000000000263,95
THRESHOLD,1116.2000000000264,95
THRESHOLD,1116.6000000000265,98
THRESHOLD,1117.0000000000266,99
SESSION,1099.0000000000225,487
SESSION,1099.6000000000226,494
SESSION,1100.0000000000227,493
TUMBLING,1105.0,710
SLIDING,1076.6000000000174,711
SLIDING,1077.0000000000175,711
SLIDING,1077.6000000000176,705
THRESHOLD,1117.4000000000267,93
THRESHOLD,1117.8000000000268,95
THRESHOLD,1118.2000000000269,96
THRESHOLD,1118.600000000027,96
THRESHOLD,1119.000000000027,95
SESSION,1100.6000000000229,538
SESSION,1101.000000000023,564
SESSION,1101.600000000023,573
SLIDING,1078.0000000000177,700
SLIDING,1078.6000000000179,701
SLIDING,1079.000000000018,695
THRESHOLD,1119.4000000000271,94
THRESHOLD,1119.8000000000272,97
THRESHOLD,1120.2000000000273,94
SESSION,1102.0000000000232,565
SESSION,1102.6000000000233,519
SESSION,1103.0000000000234,491
SLIDING,1079.600000000018,695
SLIDING,1080.0000000000182,693
SLIDING,1080.6000000000183,777
SLIDING,1081.0000000000184,822
TUMBLING,1110.0,712
THRESHOLD,1120.6000000000274,95
THRESHOLD,1121.0000000000275,95
THRESHOLD,1121.4000000000276,93
THRESHOLD,1121.8000000000277,91
THRESHOLD,1122.2000000000278,92
SESSION,1103.6000000000236,503
SESSION,1104.0000000000236,498
SESSION,1104.6000000000238,502
SLIDING,1081.6000000000186,874
SLIDING,1082.0000000000186,901
SLIDING,1082.6000000000188,902
SLIDING,1083.0000000000189,883
SLIDING,1083.600000000019,849
THRESHOLD,1122.6000000000279,95
THRESHOLD,1123.000000000028,97
THRESHOLD,1123.400000000028,96
THRESHOLD,1123.8000000000281,97
THRESHOLD,1124.2000000000282,94
THRESHOLD,1124.6000000000283,95
SESSION,1105.0000000000239,506
SESSION,1105.600000000024,503
SESSION,1106.000000000024,507
SESSION,1106.6000000000242,496
SLIDING,1084.000000000019,810
SLIDING,1084.6000000000192,722
SLIDING,1085.0000000000193,683
THRESHOLD,1125.0000000000284,95
THRESHOLD,1125.4000000000285,93
THRESHOLD,1125.8000000000286,94
THRESHOLD,1126.2000000000287,95
THRESHOLD,1126.6000000000288,94
SESSION,1107.0000000000243,492
SESSION,1107.6000000000245,502
SESSION,1108.0000000000246,499
THRESHOLD,1127.0000000000289,93
THRESHOLD,1127.400000000029,95
THRESHOLD,1127.800000000029,92
THRESHOLD,1128.2000000000291,98
THRESHOLD,1128.6000000000292,94
THRESHOLD,1129.0000000000293,96
SLIDING,1085.6000000000195,688
SLIDING,1086.0000000000196,690
SLIDING,1086.6000000000197,697
TUMBLING,1115.0,731
THRESHOLD,1129.4000000000294,94
THRESHOLD,1129.8000000000295,95
THRESHOLD,1130.2000000000296,94
THRESHOLD,1130.6000000000297,92
THRESHOLD,1131.0000000000298,98
THRESHOLD,1131.4000000000299,95
SESSION,1108.6000000000247,495
SESSION,1109.0000000000248,499
SESSION,1109.600000000025,497
SESSION,1110.000000000025,504
SESSION,1110.6000000000251,556
SLIDING,1087.0000000000198,696
SLIDING,1087.60000000002,699
SLIDING,1088.00000000002,695
SLIDING,1088.6000000000201,697
THRESHOLD,1131.80000000003,98
THRESHOLD,1132.20000000003,97
THRESHOLD,1132.6000000000301,99
THRESHOLD,1133.0000000000302,95
THRESHOLD,1133.4000000000303,98
THRESHOLD,1133.8000000000304,95
SESSION,1111.0000000000252,582
SESSION,1111.6000000000254,579
SESSION,1112.0000000000255,578
SESSION,1112.6000000000256,537
SESSION,1113.0000000000257,511
TUMBLING,1120.0,717
SLIDING,1089.0000000000202,695
SLIDING,1089.6000000000204,697
THRESHOLD,1134.2000000000305,96
THRESHOLD,1134.6000000000306,94
THRESHOLD,1135.0000000000307,92
THRESHOLD,1135.4000000000308,96
THRESHOLD,1135.8000000000309,97
THRESHOLD,1136.200000000031,97
THRESHOLD,1136.600000000031,96
SESSION,1113.6000000000258,517
SESSION,1114.000000000026,513
SESSION,1114.600000000026,509
SESSION,1115.0000000000261,510
SESSION,1115.6000000000263,512
SLIDING,1090.0000000000205,709
SLIDING,1090.6000000000206,795
SLIDING,1091.0000000000207,837
THRESHOLD,1137.0000000000312,92
THRESHOLD,1137.4000000000312,98
THRESHOLD,1137.8000000000313,96
THRESHOLD,1138.2000000000314,98
THRESHOLD,1138.6000000000315,93
THRESHOLD,1139.0000000000316,92
THRESHOLD,1139.4000000000317,96
SESSION,1116.0000000000264,513
SESSION,1116.6000000000265,499
SESSION,1117.0000000000266,505
SESSION,1117.6000000000267,505
SESSION,1118.0000000000268,493
TUMBLING,1125.0,720
THRESHOLD,1139.8000000000318,96
THRESHOLD,1140.2000000000319,92
THRESHOLD,1140.600000000032,93
THRESHOLD,1141.000000000032,92
THRESHOLD,1141.4000000000322,96
THRESHOLD,1141.8000000000322,95
SLIDING,1091.6000000000208,892
SLIDING,1092.000000000021,907
SLIDING,1092.600000000021,909
SLIDING,1093.0000000000211,898
SESSION,1118.600000000027,491
SESSION,1119.000000000027,506
SESSION,1119.6000000000272,510
SESSION,1120.0000000000273,508
SESSION,1120.6000000000274,563
THRESHOLD,1142.2000000000323,92
THRESHOLD,1142.6000000000324,93
THRESHOLD,1143.0000000000325,96
THRESHOLD,1143.4000000000326,98
THRESHOLD,1143.8000000000327,99
THRESHOLD,1144.2000000000328,95
THRESHOLD,1144.6000000000329,92
SLIDING,1093.6000000000213,856
SLIDING,1094.0000000000214,824
SLIDING,1094.6000000000215,738
SLIDING,1095.0000000000216,704
SLIDING,1095.6000000000217,701
SESSION,1121.0000000000275,595
SESSION,1121.6000000000276,586
THRESHOLD,1145.000000000033,97
THRESHOLD,1145.400000000033,96
THRESHOLD,1145.8000000000332,98
THRESHOLD,1146.2000000000332,94
SLIDING,1096.0000000000218,698
SLIDING,1096.600000000022,691
SLIDING,1097.000000000022,692
SLIDING,1097.6000000000222,695
SESSION,1122.0000000000277,569
SESSION,1122.6000000000279,528
SESSION,1123.000000000028,499
TUMBLING,1130.0,711
TUMBLING,1135.0,712
SLIDING,1098.0000000000223,693
SLIDING,1098.6000000000224,687
SLIDING,1099.0000000000225,688
SLIDING,1099.6000000000226,690
SLIDING,1100.0000000000227,689
SESSION,1123.600000000028,503
SESSION,1124.0000000000282,500
SESSION,1124.6000000000283,508
SESSION,1125.0000000000284,501
SESSION,1125.6000000000286,508
THRESHOLD,1146.6000000000333,97
SLIDING,1100.6000000000229,772
SLIDING,1101.000000000023,811
SLIDING,1101.600000000023,855
SLIDING,1102.0000000000232,874
SLIDING,1102.6000000000233,874
SESSION,1126.0000000000286,507
SESSION,1126.6000000000288,503
SESSION,1127.0000000000289,492
SESSION,1127.600000000029,503
SESSION,1128.000000000029,503
SLIDING,1103.0000000000234,869
SLIDING,1103.6000000000236,842
SLIDING,1104.0000000000236,801
SLIDING,1104.6000000000238,723
SESSION,1128.6000000000292,500
SESSION,1129.0000000000293,496
SESSION,1129.6000000000295,486
SESSION,1130.0000000000296,495
SESSION,1130.6000000000297,560
SESSION,1131.0000000000298,589
TUMBLING,1140.0,707
SLIDING,1105.0000000000239,697
SLIDING,1105.600000000024,705
SLIDING,1106.000000000024,698
SLIDING,1106.6000000000242,694
SESSION,1131.60000000003,582
SESSION,1132.00000000003,561
SESSION,1132.6000000000301,513
SESSION,1133.0000000000302,496
SLIDING,1107.0000000000243,698
SLIDING,1107.6000000000245,706
SLIDING,1108.0000000000246,698
SLIDING,1108.6000000000247,697
SESSION,1133.6000000000304,508
SESSION,1134.0000000000305,513
SESSION,1134.6000000000306,517
SESSION,1135.0000000000307,523
SESSION,1135.6000000000308,511
SESSION,1136.000000000031,510
TUMBLING,1145.0,712
SLIDING,1109.0000000000248,693
SLIDING,1109.600000000025,702
SLIDING,1110.000000000025,704
SLIDING,1110.6000000000251,781
SLIDING,1111.0000000000252,826
SESSION,1136.600000000031,519
SESSION,1137.0000000000312,520
SESSION,1137.6000000000313,517
SESSION,1138.0000000000314,504
SESSION,1138.6000000000315,498
SESSION,1139.0000000000316,490
SESSION,1139.6000000000317,487
SESSION,1140.0000000000318,503
SESSION,1140.600000000032,564
SESSION,1141.000000000032,592
SESSION,1141.6000000000322,581
SLIDING,1111.6000000000254,871
SLIDING,1112.0000000000255,903
SLIDING,1112.6000000000256,904
SLIDING,1113.0000000000257,892
SLIDING,1113.6000000000258,854
SLIDING,1114.000000000026,824
THRESHOLD,1147.0000000000334,96
SESSION,1142.0000000000323,557
SESSION,1142.6000000000324,509
SESSION,1143.0000000000325,489
SESSION,1143.6000000000327,486
SESSION,1144.0000000000327,499
SESSION,1144.6000000000329,504
SLIDING,1114.600000000026,747
SLIDING,1115.0000000000261,716
SLIDING,1115.6000000000263,706
SLIDING,1116.0000000000264,705
SLIDING,1116.6000000000265,704
SLIDING,1117.0000000000266,703
SLIDING,1117.6000000000267,710
SLIDING,1118.0000000000268,713
SLIDING,1118.600000000027,689
SLIDING,1119.000000000027,707
SLIDING,1119.6000000000272,706
SESSION,1145.000000000033,517
SESSION,1145.600000000033,521
SESSION,1146.0000000000332,530
SESSION,1146.6000000000333,513
SESSION,1147.0000000000334,520
SLIDING,1120.0000000000273,704
SLIDING,1120.6000000000274,790
SLIDING,1121.0000000000275,843
SLIDING,1121.6000000000276,881
SLIDING,1122.0000000000277,895
SLIDING,1122.6000000000279,901
SLIDING,1123.000000000028,893
SLIDING,1123.600000000028,851
SLIDING,1124.0000000000282,816
SLIDING,1124.6000000000283,737
SLIDING,1125.0000000000284,704
SLIDING,1125.6000000000286,693
SLIDING,1126.0000000000286,699
SLIDING,1126.6000000000288,701
SLIDING,1127.0000000000289,694
SLIDING,1127.600000000029,707
SLIDING,1128.000000000029,705
SLIDING,1128.6000000000292,703
SLIDING,1129.0000000000293,697
SLIDING,1129.6000000000295,692
SLIDING,1130.0000000000296,696
SLIDING,1130.6000000000297,781
SLIDING,1131.0000000000298,827
SLIDING,1131.60000000003,854
SLIDING,1132.00000000003,873
SLIDING,1132.6000000000301,885
SLIDING,1133.0000000000302,881
SLIDING,1133.6000000000304,848
SLIDING,1134.0000000000305,805
SLIDING,1134.6000000000306,726
SLIDING,1135.0000000000307,701
SLIDING,1135.6000000000308,707
SLIDING,1136.000000000031,718
SLIDING,1136.600000000031,724
SLIDING,1137.0000000000312,725
SLIDING,1137.6000000000313,714
SLIDING,1138.0000000000314,716
SLIDING,1138.6000000000315,714
SLIDING,1139.0000000000316,715
SLIDING,1139.6000000000317,705
SLIDING,1140.0000000000318,688
SLIDING,1140.600000000032,769
SLIDING,1141.000000000032,815
SLIDING,1141.6000000000322,849
SLIDING,1142.0000000000323,873
SLIDING,1142.6000000000324,887
SLIDING,1143.0000000000325,880
SLIDING,1143.6000000000327,836
SLIDING,1144.0000000000327,804
SLIDING,1144.6000000000329,723
SLIDING,1145.000000000033,701
SLIDING,1145.600000000033,698
SLIDING,1146.0000000000332,710
SLIDING,1146.6000000000333,717
SLIDING,1147.0000000000334,717
THRESHOLD,1147.4000000000335,95
SESSION,1147.6000000000336,514
SLIDING,1147.6000000000336,717
THRESHOLD,1147.8000000000336,97
SLIDING,1148.0000000000337,707
SESSION,1148.0000000000337,514
THRESHOLD,1148.2000000000337,97
SESSION,1148.6000000000338,514
THRESHOLD,1148.6000000000338,99
SLIDING,1148.6000000000338,708
SLIDING,1149.0000000000339,707
SESSION,1149.0000000000339,512
THRESHOLD,1149.0000000000339,92
THRESHOLD,1149.400000000034,95
SESSION,1149.600000000034,513
SLIDING,1149.600000000034,707
THRESHOLD,1149.800000000034,97
SLIDING,1150.000000000034,715
TUMBLING,1150.0,730
SESSION,1150.000000000034,519
THRESHOLD,1150.2000000000342,99
THRESHOLD,1150.6000000000342,98
SESSION,1150.6000000000342,580
SLIDING,1150.6000000000342,810
SESSION,1151.0000000000343,598
SLIDING,1151.0000000000343,858
THRESHOLD,1151.0000000000343,93
THRESHOLD,1151.4000000000344,95
SLIDING,1151.6000000000345,908
SESSION,1151.6000000000345,598
THRESHOLD,1151.8000000000345,97
SLIDING,1152.0000000000346,921
SESSION,1152.0000000000346,588
THRESHOLD,1152.2000000000346,95
THRESHOLD,1152.6000000000347,95
SLIDING,1152.6000000000347,924
SESSION,1152.6000000000347,538
THRESHOLD,1153.0000000000348,95
SLIDING,1153.0000000000348,913
SESSION,1153.0000000000348,515
THRESHOLD,1153.4000000000349,95
SLIDING,1153.600000000035,864
SESSION,1153.600000000035,503
THRESHOLD,1153.800000000035,96
SESSION,1154.000000000035,513
SLIDING,1154.000000000035,838
THRESHOLD,1154.200000000035,95
SESSION,1154.6000000000352,509
THRESHOLD,1154.6000000000352,95
SLIDING,1154.6000000000352,746
SESSION,1155.0000000000352,508
TUMBLING,1155.0,724
THRESHOLD,1155.0000000000352,95
SLIDING,1155.0000000000352,707
THRESHOLD,1155.4000000000353,94
SESSION,1155.6000000000354,502
SLIDING,1155.6000000000354,697
THRESHOLD,1155.8000000000354,95
SLIDING,1156.0000000000355,706
SESSION,1156.0000000000355,511
THRESHOLD,1156.2000000000355,97
THRESHOLD,1156.6000000000356,94
SESSION,1156.6000000000356,512
SLIDING,1156.6000000000356,704
SLIDING,1157.0000000000357,696
SESSION,1157.0000000000357,501
THRESHOLD,1157.0000000000357,98
THRESHOLD,1157.4000000000358,93
SLIDING,1157.6000000000358,683
SESSION,1157.6000000000358,495
THRESHOLD,1157.8000000000359,94
SESSION,1158.000000000036,497
SLIDING,1158.000000000036,687
THRESHOLD,1158.200000000036,96
SLIDING,1158.600000000036,691
THRESHOLD,1158.600000000036,96
SESSION,1158.600000000036,502
THRESHOLD,1159.0000000000362,95
SESSION,1159.0000000000362,497
SLIDING,1159.0000000000362,688
THRESHOLD,1159.4000000000362,98
SESSION,1159.6000000000363,503
SLIDING,1159.6000000000363,695
THRESHOLD,1159.8000000000363,96
SESSION,1160.0000000000364,506
SLIDING,1160.0000000000364,699
TUMBLING,1160.0,712
THRESHOLD,1160.2000000000364,94
SLIDING,1160.6000000000365,797
SESSION,1160.6000000000365,556
THRESHOLD,1160.6000000000365,95
SESSION,1161.0000000000366,579
SLIDING,1161.0000000000366,840
THRESHOLD,1161.0000000000366,99
THRESHOLD,1161.4000000000367,95
SESSION,1161.6000000000367,593
SLIDING,1161.6000000000367,887
THRESHOLD,1161.8000000000368,93
SESSION,1162.0000000000368,576
SLIDING,1162.0000000000368,895
THRESHOLD,1162.2000000000369,95
SESSION,1162.600000000037,521
SLIDING,1162.600000000037,887
THRESHOLD,1162.600000000037,97
SESSION,1163.000000000037,500
SLIDING,1163.000000000037,882
THRESHOLD,1163.000000000037,95
THRESHOLD,1163.4000000000372,96
SLIDING,1163.6000000000372,850
SESSION,1163.6000000000372,502
THRESHOLD,1163.8000000000372,91
SLIDING,1164.0000000000373,805
SESSION,1164.0000000000373,496
THRESHOLD,1164.2000000000373,97
SLIDING,1164.6000000000374,720
THRESHOLD,1164.6000000000374,97
SESSION,1164.6000000000374,493
SESSION,1165.0000000000375,506
THRESHOLD,1165.0000000000375,94
TUMBLING,1165.0,702
SLIDING,1165.0000000000375,688
THRESHOLD,1165.4000000000376,94
SLIDING,1165.6000000000377,686
SESSION,1165.6000000000377,498
THRESHOLD,1165.8000000000377,95
SESSION,1166.0000000000377,489
SLIDING,1166.0000000000377,681
THRESHOLD,1166.2000000000378,96
SESSION,1166.6000000000379,503
SLIDING,1166.6000000000379,686
THRESHOLD,1166.6000000000379,93
THRESHOLD,1167.000000000038,93
SESSION,1167.000000000038,499
SLIDING,1167.000000000038,691
THRESHOLD,1167.400000000038,92
SESSION,1167.600000000038,498
SLIDING,1167.600000000038,693
THRESHOLD,1167.8000000000382,97
SESSION,1168.0000000000382,491
SLIDING,1168.0000000000382,697
THRESHOLD,1168.2000000000382,94
SLIDING,1168.6000000000383,687
SESSION,1168.6000000000383,490
THRESHOLD,1168.6000000000383,95
THRESHOLD,1169.0000000000384,94
SESSION,1169.0000000000384,488
SLIDING,1169.0000000000384,686
THRESHOLD,1169.4000000000385,98
SESSION,1169.6000000000386,502
SLIDING,1169.6000000000386,686
THRESHOLD,1169.8000000000386,88
SLIDING,1170.0000000000387,686
SESSION,1170.0000000000387,506
TUMBLING,1170.0,699
THRESHOLD,1170.2000000000387,90
SESSION,1170.6000000000388,565
THRESHOLD,1170.6000000000388,97
SLIDING,1170.6000000000388,775
THRESHOLD,1171.0000000000389,96
SESSION,1171.0000000000389,591
SLIDING,1171.0000000000389,832
THRESHOLD,1171.400000000039,97
SLIDING,1171.600000000039,879
SESSION,1171.600000000039,587
THRESHOLD,1171.800000000039,96
SESSION,1172.000000000039,570
SLIDING,1172.000000000039,899
THRESHOLD,1172.2000000000392,95
SESSION,1172.6000000000392,529
THRESHOLD,1172.6000000000392,93
SLIDING,1172.6000000000392,913
SLIDING,1173.0000000000393,888
SESSION,1173.0000000000393,505
THRESHOLD,1173.0000000000393,97
THRESHOLD,1173.4000000000394,95
SLIDING,1173.6000000000395,848
SESSION,1173.6000000000395,487
THRESHOLD,1173.8000000000395,93
SESSION,1174.0000000000396,492
SLIDING,1174.0000000000396,797
THRESHOLD,1174.2000000000396,92
THRESHOLD,1174.6000000000397,95
SESSION,1174.6000000000397,504
SLIDING,1174.6000000000397,722
THRESHOLD,1175.0000000000398,90
SLIDING,1175.0000000000398,692
SESSION,1175.0000000000398,509
TUMBLING,1175.0,707
THRESHOLD,1175.4000000000399,97
SLIDING,1175.60000000004,687
SESSION,1175.60000000004,500
THRESHOLD,1175.80000000004,95
SLIDING,1176.00000000004,698
SESSION,1176.00000000004,502
THRESHOLD,1176.20000000004,97
THRESHOLD,1176.6000000000402,93
SLIDING,1176.6000000000402,692
SESSION,1176.6000000000402,503
THRESHOLD,1177.0000000000402,98
SLIDING,1177.0000000000402,694
SESSION,1177.0000000000402,504
THRESHOLD,1177.4000000000403,95
SLIDING,1177.6000000000404,701
SESSION,1177.6000000000404,501
THRESHOLD,1177.8000000000404,95
SESSION,1178.0000000000405,519
SLIDING,1178.0000000000405,703
THRESHOLD,1178.2000000000405,94
THRESHOLD,1178.6000000000406,94
SLIDING,1178.6000000000406,698
SESSION,1178.6000000000406,506
THRESHOLD,1179.0000000000407,96
SESSION,1179.0000000000407,506
SLIDING,1179.0000000000407,694
THRESHOLD,1179.4000000000408,93
SLIDING,1179.6000000000408,694
SESSION,1179.6000000000408,502
THRESHOLD,1179.8000000000409,95
SESSION,1180.000000000041,509
TUMBLING,1180.0,718
SLIDING,1180.000000000041,707
THRESHOLD,1180.200000000041,97
THRESHOLD,1180.600000000041,98
SLIDING,1180.600000000041,797
SESSION,1180.600000000041,568
SESSION,1181.0000000000412,586
THRESHOLD,1181.0000000000412,93
SLIDING,1181.0000000000412,844
THRESHOLD,1181.4000000000412,91
SLIDING,1181.6000000000413,882
SESSION,1181.6000000000413,590
THRESHOLD,1181.8000000000413,95
SESSION,1182.0000000000414,578
SLIDING,1182.0000000000414,905
THRESHOLD,1182.2000000000414,95
SESSION,1182.6000000000415,527
THRESHOLD,1182.6000000000415,94
SLIDING,1182.6000000000415,903
SESSION,1183.0000000000416,501
SLIDING,1183.0000000000416,889
THRESHOLD,1183.0000000000416,95
THRESHOLD,1183.4000000000417,96
SLIDING,1183.6000000000417,846
SESSION,1183.6000000000417,486
THRESHOLD,1183.8000000000418,95
SLIDING,1184.0000000000418,809
SESSION,1184.0000000000418,490
THRESHOLD,1184.2000000000419,97
SESSION,1184.600000000042,503
SLIDING,1184.600000000042,730
THRESHOLD,1184.600000000042,97
THRESHOLD,1185.000000000042,94
SLIDING,1185.000000000042,690
TUMBLING,1185.0,710
SESSION,1185.000000000042,501
THRESHOLD,1185.4000000000422,96
SLIDING,1185.6000000000422,687
SESSION,1185.6000000000422,500
THRESHOLD,1185.8000000000422,95
SESSION,1186.0000000000423,505
SLIDING,1186.0000000000423,681
THRESHOLD,1186.2000000000423,92
SESSION,1186.6000000000424,506
THRESHOLD,1186.6000000000424,96
SLIDING,1186.6000000000424,695
THRESHOLD,1187.0000000000425,99
SLIDING,1187.0000000000425,697
SESSION,1187.0000000000425,504
THRESHOLD,1187.4000000000426,97
SLIDING,1187.6000000000427,694
SESSION,1187.6000000000427,503
THRESHOLD,1187.8000000000427,94
SLIDING,1188.0000000000427,699
SESSION,1188.0000000000427,505
THRESHOLD,1188.2000000000428,94
THRESHOLD,1188.6000000000429,94
SESSION,1188.6000000000429,514
SLIDING,1188.6000000000429,705
SLIDING,1189.000000000043,710
THRESHOLD,1189.000000000043,97
SESSION,1189.000000000043,511
THRESHOLD,1189.400000000043,98
SESSION,1189.600000000043,508
SLIDING,1189.600000000043,703
THRESHOLD,1189.8000000000432,95
SLIDING,1190.0000000000432,698
SESSION,1190.0000000000432,515
TUMBLING,1190.0,712
THRESHOLD,1190.2000000000432,94
SLIDING,1190.6000000000433,786
THRESHOLD,1190.6000000000433,92
SESSION,1190.6000000000433,561
THRESHOLD,1191.0000000000434,97
SLIDING,1191.0000000000434,827
SESSION,1191.0000000000434,574
THRESHOLD,1191.4000000000435,93
SESSION,1191.6000000000436,576
SLIDING,1191.6000000000436,874
THRESHOLD,1191.8000000000436,93
SESSION,1192.0000000000437,575
SLIDING,1192.0000000000437,903
THRESHOLD,1192.2000000000437,97
THRESHOLD,1192.6000000000438,95
SESSION,1192.6000000000438,531
SLIDING,1192.6000000000438,906
THRESHOLD,1193.0000000000439,93
SESSION,1193.0000000000439,514
SLIDING,1193.0000000000439,889
THRESHOLD,1193.400000000044,99
SLIDING,1193.600000000044,850
SESSION,1193.600000000044,516
THRESHOLD,1193.800000000044,97
SLIDING,1194.000000000044,811
SESSION,1194.000000000044,497
THRESHOLD,1194.2000000000442,93
SLIDING,1194.6000000000442,728
SESSION,1194.6000000000442,498
THRESHOLD,1194.6000000000442,97
TUMBLING,1195.0,711
SLIDING,1195.0000000000443,699
THRESHOLD,1195.0000000000443,95
SESSION,1195.0000000000443,507
THRESHOLD,1195.4000000000444,94
SLIDING,1195.6000000000445,699
SESSION,1195.6000000000445,506
THRESHOLD,1195.8000000000445,93
SLIDING,1196.0000000000446,695
SESSION,1196.0000000000446,508
THRESHOLD,1196.2000000000446,97
SESSION,1196.6000000000447,502
SLIDING,1196.6000000000447,705
THRESHOLD,1196.6000000000447,96
SLIDING,1197.0000000000448,713
SESSION,1197.0000000000448,506
THRESHOLD,1197.0000000000448,95
THRESHOLD,1197.4000000000449,94
SESSION,1197.600000000045,501
SLIDING,1197.600000000045,717
THRESHOLD,1197.800000000045,95
SLIDING,1198.000000000045,713
SESSION,1198.000000000045,500
THRESHOLD,1198.200000000045,95
SLIDING,1198.6000000000452,708
SESSION,1198.6000000000452,502
THRESHOLD,1198.6000000000452,97
SLIDING,1199.0000000000452,704
THRESHOLD,1199.0000000000452,93
SESSION,1199.0000000000452,496
THRESHOLD,1199.4000000000453,97
SLIDING,1199.6000000000454,697
SESSION,1199.6000000000454,499
THRESHOLD,1199.8000000000454,97
SESSION,1200.0000000000455,500
TUMBLING,1200.0,719
SLIDING,1200.0000000000455,699
THRESHOLD,1200.2000000000455,98
THRESHOLD,1200.6000000000456,97
SLIDING,1200.6000000000456,783
SESSION,1200.6000000000456,571
SESSION,1201.0000000000457,582
SLIDING,1201.0000000000457,823
THRESHOLD,1201.0000000000457,96
THRESHOLD,1201.4000000000458,96
SESSION,1201.6000000000458,589
SLIDING,1201.6000000000458,869
THRESHOLD,1201.8000000000459,96
SESSION,1202.000000000046,580
SLIDING,1202.000000000046,895
THRESHOLD,1202.200000000046,94
SESSION,1202.600000000046,527
THRESHOLD,1202.600000000046,96
SLIDING,1202.600000000046,904
SESSION,1203.0000000000462,494
SLIDING,1203.0000000000462,881
THRESHOLD,1203.0000000000462,95
THRESHOLD,1203.4000000000462,92
SLIDING,1203.6000000000463,853
SESSION,1203.6000000000463,498
THRESHOLD,1203.8000000000463,95
SESSION,1204.0000000000464,492
SLIDING,1204.0000000000464,806
THRESHOLD,1204.2000000000464,93
SESSION,1204.6000000000465,485
THRESHOLD,1204.6000000000465,94
SLIDING,1204.6000000000465,716
THRESHOLD,1205.0000000000466,98
TUMBLING,1205.0,702
SLIDING,1205.0000000000466,683
SESSION,1205.0000000000466,492
THRESHOLD,1205.4000000000467,97
SESSION,1205.6000000000467,497
SLIDING,1205.6000000000467,691
THRESHOLD,1205.8000000000468,97
SLIDING,1206.0000000000468,692
SESSION,1206.0000000000468,490
THRESHOLD,1206.2000000000469,94
SESSION,1206.600000000047,491
SLIDING,1206.600000000047,688
THRESHOLD,1206.600000000047,95
SESSION,1207.000000000047,491
SLIDING,1207.000000000047,680
THRESHOLD,1207.000000000047,94
THRESHOLD,1207.4000000000472,98
SLIDING,1207.6000000000472,682
SESSION,1207.6000000000472,493
THRESHOLD,1207.8000000000472,98
SLIDING,1208.0000000000473,683
SESSION,1208.0000000000473,496
THRESHOLD,1208.2000000000473,95
SESSION,1208.6000000000474,486
THRESHOLD,1208.6000000000474,96
SLIDING,1208.6000000000474,679
SESSION,1209.0000000000475,490
THRESHOLD,1209.0000000000475,93
SLIDING,1209.0000000000475,683
THRESHOLD,1209.4000000000476,90
SESSION,1209.6000000000477,483
SLIDING,1209.6000000000477,680
THRESHOLD,1209.8000000000477,99
SESSION,1210.0000000000477,508
TUMBLING,1210.0,696
SLIDING,1210.0000000000477,684
THRESHOLD,1210.2000000000478,96
SESSION,1210.6000000000479,558
SLIDING,1210.6000000000479,773
THRESHOLD,1210.6000000000479,92
THRESHOLD,1211.000000000048,94
SLIDING,1211.000000000048,812
SESSION,1211.000000000048,573
THRESHOLD,1211.400000000048,96
SLIDING,1211.600000000048,856
SESSION,1211.600000000048,570
THRESHOLD,1211.8000000000482,97
SESSION,1212.0000000000482,561
SLIDING,1212.0000000000482,890
THRESHOLD,1212.2000000000482,94
THRESHOLD,1212.6000000000483,93
SLIDING,1212.6000000000483,881
SESSION,1212.6000000000483,512
THRESHOLD,1213.0000000000484,96
SESSION,1213.0000000000484,492
SLIDING,1213.0000000000484,869
THRESHOLD,1213.4000000000485,94
SLIDING,1213.6000000000486,844
SESSION,1213.6000000000486,504
THRESHOLD,1213.8000000000486,95
SESSION,1214.0000000000487,510
SLIDING,1214.0000000000487,811
THRESHOLD,1214.2000000000487,93
SLIDING,1214.6000000000488,723
SESSION,1214.6000000000488,498
THRESHOLD,1214.6000000000488,96
SESSION,1215.0000000000489,503
TUMBLING,1215.0,706
THRESHOLD,1215.0000000000489,96
SLIDING,1215.0000000000489,697
THRESHOLD,1215.400000000049,95
SLIDING,1215.600000000049,694
SESSION,1215.600000000049,507
THRESHOLD,1215.800000000049,89
SESSION,1216.000000000049,508
SLIDING,1216.000000000049,692
THRESHOLD,1216.2000000000492,94
SESSION,1216.6000000000492,506
THRESHOLD,1216.6000000000492,97
SLIDING,1216.6000000000492,694
SESSION,1217.0000000000493,503
THRESHOLD,1217.0000000000493,96
SLIDING,1217.0000000000493,697
THRESHOLD,1217.4000000000494,96
SESSION,1217.6000000000495,510
SLIDING,1217.6000000000495,698
THRESHOLD,1217.8000000000495,93
SESSION,1218.0000000000496,502
SLIDING,1218.0000000000496,698
THRESHOLD,1218.2000000000496,95
THRESHOLD,1218.6000000000497,99
SESSION,1218.6000000000497,506
SLIDING,1218.6000000000497,693
SESSION,1219.0000000000498,498
THRESHOLD,1219.0000000000498,91
SLIDING,1219.0000000000498,687
THRESHOLD,1219.4000000000499,96
SLIDING,1219.60000000005,701
SESSION,1219.60000000005,504
THRESHOLD,1219.80000000005,90
TUMBLING,1220.0,721
SLIDING,1220.00000000005,708
SESSION,1220.00000000005,513
THRESHOLD,1220.20000000005,96
SESSION,1220.6000000000502,579
SLIDING,1220.6000000000502,800
THRESHOLD,1220.6000000000502,97
THRESHOLD,1221.0000000000502,96
SESSION,1221.0000000000502,603
SLIDING,1221.0000000000502,850
THRESHOLD,1221.4000000000503,97
SESSION,1221.6000000000504,599
SLIDING,1221.6000000000504,897
THRESHOLD,1221.8000000000504,96
SESSION,1222.0000000000505,584
SLIDING,1222.0000000000505,916
THRESHOLD,1222.2000000000505,98
THRESHOLD,1222.6000000000506,95
SLIDING,1222.6000000000506,906
SESSION,1222.6000000000506,517
SESSION,1223.0000000000507,491
SLIDING,1223.0000000000507,895
THRESHOLD,1223.0000000000507,94
THRESHOLD,1223.4000000000508,96
SLIDING,1223.6000000000508,853
SESSION,1223.6000000000508,503
THRESHOLD,1223.8000000000509,99
SLIDING,1224.000000000051,815
SESSION,1224.000000000051,499
THRESHOLD,1224.200000000051,99
THRESHOLD,1224.600000000051,94
SLIDING,1224.600000000051,735
SESSION,1224.600000000051,521
TUMBLING,1225.0,714
SESSION,1225.0000000000512,521
SLIDING,1225.0000000000512,696
THRESHOLD,1225.0000000000512,90
THRESHOLD,1225.4000000000513,96
SESSION,1225.6000000000513,508
SLIDING,1225.6000000000513,705
THRESHOLD,1225.8000000000513,96
SESSION,1226.0000000000514,510
SLIDING,1226.0000000000514,708
THRESHOLD,1226.2000000000514,98
THRESHOLD,1226.6000000000515,95
SLIDING,1226.6000000000515,720
SESSION,1226.6000000000515,504
SLIDING,1227.0000000000516,722
THRESHOLD,1227.0000000000516,93
SESSION,1227.0000000000516,505
THRESHOLD,1227.4000000000517,96
SESSION,1227.6000000000518,502
SLIDING,1227.6000000000518,713
THRESHOLD,1227.8000000000518,96
SLIDING,1228.0000000000518,695
SESSION,1228.0000000000518,500
THRESHOLD,1228.200000000052,96
THRESHOLD,1228.600000000052,99
SESSION,1228.600000000052,509
SLIDING,1228.600000000052,694
SESSION,1229.000000000052,498
THRESHOLD,1229.000000000052,94
SLIDING,1229.000000000052,693
THRESHOLD,1229.4000000000522,97
SESSION,1229.6000000000522,499
SLIDING,1229.6000000000522,694
THRESHOLD,1229.8000000000523,99
SESSION,1230.0000000000523,507
TUMBLING,1230.0,720
SLIDING,1230.0000000000523,704
THRESHOLD,1230.2000000000523,94
SLIDING,1230.6000000000524,793
THRESHOLD,1230.6000000000524,96
SESSION,1230.6000000000524,566
THRESHOLD,1231.0000000000525,97
SESSION,1231.0000000000525,585
SLIDING,1231.0000000000525,830
THRESHOLD,1231.4000000000526,94
SESSION,1231.6000000000527,579
SLIDING,1231.6000000000527,873
THRESHOLD,1231.8000000000527,95
SLIDING,1232.0000000000528,900
SESSION,1232.0000000000528,576
THRESHOLD,1232.2000000000528,93
SESSION,1232.600000000053,523
THRESHOLD,1232.600000000053,98
SLIDING,1232.600000000053,899
THRESHOLD,1233.000000000053,96
SLIDING,1233.000000000053,892
SESSION,1233.000000000053,503
THRESHOLD,1233.400000000053,97
SESSION,1233.6000000000531,506
SLIDING,1233.6000000000531,849
THRESHOLD,1233.8000000000532,97
SESSION,1234.0000000000532,504
SLIDING,1234.0000000000532,816
THRESHOLD,1234.2000000000533,95
SLIDING,1234.6000000000533,735
THRESHOLD,1234.6000000000533,95
SESSION,1234.6000000000533,502
SLIDING,1235.0000000000534,698
TUMBLING,1235.0,713
SESSION,1235.0000000000534,504
THRESHOLD,1235.0000000000534,94
THRESHOLD,1235.4000000000535,95
SESSION,1235.6000000000536,506
SLIDING,1235.6000000000536,707
THRESHOLD,1235.8000000000536,95
SLIDING,1236.0000000000537,712
SESSION,1236.0000000000537,510
THRESHOLD,1236.2000000000537,98
THRESHOLD,1236.6000000000538,95
SESSION,1236.6000000000538,508
SLIDING,1236.6000000000538,706
SESSION,1237.000000000054,491
THRESHOLD,1237.000000000054,93
SLIDING,1237.000000000054,701
THRESHOLD,1237.400000000054,96
SESSION,1237.600000000054,496
SLIDING,1237.600000000054,703
THRESHOLD,1237.800000000054,94
SLIDING,1238.0000000000541,701
SESSION,1238.0000000000541,496
THRESHOLD,1238.2000000000542,96
THRESHOLD,1238.6000000000543,90
SLIDING,1238.6000000000543,696
SESSION,1238.6000000000543,495
SLIDING,1239.0000000000543,690
THRESHOLD,1239.0000000000543,92
SESSION,1239.0000000000543,504
THRESHOLD,1239.4000000000544,97
SESSION,1239.6000000000545,511
SLIDING,1239.6000000000545,699
THRESHOLD,1239.8000000000545,95
SESSION,1240.0000000000546,508
TUMBLING,1240.0,718
SLIDING,1240.0000000000546,702
THRESHOLD,1240.2000000000546,97
SESSION,1240.6000000000547,565
THRESHOLD,1240.6000000000547,95
SLIDING,1240.6000000000547,798
THRESHOLD,1241.0000000000548,97
SLIDING,1241.0000000000548,848
SESSION,1241.0000000000548,587
THRESHOLD,1241.400000000055,96
SESSION,1241.600000000055,597
SLIDING,1241.600000000055,894
THRESHOLD,1241.800000000055,96
SLIDING,1242.000000000055,916
SESSION,1242.000000000055,596
THRESHOLD,1242.200000000055,98
THRESHOLD,1242.6000000000552,96
SESSION,1242.6000000000552,542
SLIDING,1242.6000000000552,914
SESSION,1243.0000000000553,512
THRESHOLD,1243.0000000000553,98
SLIDING,1243.0000000000553,901
THRESHOLD,1243.4000000000553,97
SESSION,1243.6000000000554,519
SLIDING,1243.6000000000554,864
THRESHOLD,1243.8000000000554,96
SLIDING,1244.0000000000555,828
SESSION,1244.0000000000555,521
THRESHOLD,1244.2000000000555,97
THRESHOLD,1244.6000000000556,99
SLIDING,1244.6000000000556,746
SESSION,1244.6000000000556,528
THRESHOLD,1245.0000000000557,92
SLIDING,1245.0000000000557,709
SESSION,1245.0000000000557,515
TUMBLING,1245.0,725
THRESHOLD,1245.4000000000558,94
SESSION,1245.6000000000558,515
SLIDING,1245.6000000000558,710
THRESHOLD,1245.800000000056,98
SESSION,1246.000000000056,511
SLIDING,1246.000000000056,717
THRESHOLD,1246.200000000056,95
SLIDING,1246.600000000056,717
THRESHOLD,1246.600000000056,94
SESSION,1246.600000000056,508
THRESHOLD,1247.0000000000562,93
SESSION,1247.0000000000562,500
SLIDING,1247.0000000000562,708
THRESHOLD,1247.4000000000563,95
SLIDING,1247.6000000000563,701
SESSION,1247.6000000000563,500
THRESHOLD,1247.8000000000563,95
SESSION,1248.0000000000564,501
SLIDING,1248.0000000000564,697
THRESHOLD,1248.2000000000564,92
SLIDING,1248.6000000000565,697
THRESHOLD,1248.6000000000565,97
SESSION,1248.6000000000565,498
SESSION,1249.0000000000566,502
SLIDING,1249.0000000000566,693
THRESHOLD,1249.0000000000566,95
THRESHOLD,1249.4000000000567,95
SESSION,1249.6000000000568,503
SLIDING,1249.6000000000568,705
THRESHOLD,1249.8000000000568,97
TUMBLING,1250.0,718
SLIDING,1250.0000000000568,702
SESSION,1250.0000000000568,496
THRESHOLD,1250.200000000057,94
SLIDING,1250.600000000057,784
SESSION,1250.600000000057,562
THRESHOLD,1250.600000000057,94
SESSION,1251.000000000057,581
SLIDING,1251.000000000057,826
THRESHOLD,1251.000000000057,94
THRESHOLD,1251.4000000000572,97
SLIDING,1251.6000000000572,873
SESSION,1251.6000000000572,594
THRESHOLD,1251.8000000000573,94
SESSION,1252.0000000000573,583
SLIDING,1252.0000000000573,891
THRESHOLD,1252.2000000000573,98
SESSION,1252.6000000000574,537
SLIDING,1252.6000000000574,913
THRESHOLD,1252.6000000000574,90
THRESHOLD,1253.0000000000575,94
SLIDING,1253.0000000000575,900
SESSION,1253.0000000000575,513
THRESHOLD,1253.4000000000576,95
SESSION,1253.6000000000577,505
SLIDING,1253.6000000000577,870
THRESHOLD,1253.8000000000577,94
SLIDING,1254.0000000000578,829
SESSION,1254.0000000000578,508
THRESHOLD,1254.2000000000578,99
THRESHOLD,1254.600000000058,93
SLIDING,1254.600000000058,745
SESSION,1254.600000000058,501
THRESHOLD,1255.000000000058,97
SLIDING,1255.000000000058,708
SESSION,1255.000000000058,495
TUMBLING,1255.0,721
THRESHOLD,1255.400000000058,97
SESSION,1255.6000000000581,507
SLIDING,1255.6000000000581,705
THRESHOLD,1255.8000000000582,98
SESSION,1256.0000000000582,505
SLIDING,1256.0000000000582,705
THRESHOLD,1256.2000000000583,98
SLIDING,1256.6000000000583,705
SESSION,1256.6000000000583,516
THRESHOLD,1256.6000000000583,93
SESSION,1257.0000000000584,512
THRESHOLD,1257.0000000000584,96
SLIDING,1257.0000000000584,699
THRESHOLD,1257.4000000000585,96
SESSION,1257.6000000000586,518
SLIDING,1257.6000000000586,707
THRESHOLD,1257.8000000000586,98
SESSION,1258.0000000000587,513
SLIDING,1258.0000000000587,705
THRESHOLD,1258.2000000000587,95
SLIDING,1258.6000000000588,707
THRESHOLD,1258.6000000000588,91
SESSION,1258.6000000000588,520
THRESHOLD,1259.000000000059,95
SLIDING,1259.000000000059,713
SESSION,1259.000000000059,517
THRESHOLD,1259.400000000059,95
SLIDING,1259.600000000059,717
SESSION,1259.600000000059,511
THRESHOLD,1259.800000000059,98
SESSION,1260.0000000000591,508
TUMBLING,1260.0,728
SLIDING,1260.0000000000591,711
THRESHOLD,1260.2000000000592,94
SLIDING,1260.6000000000593,803
THRESHOLD,1260.6000000000593,94
SESSION,1260.6000000000593,572
THRESHOLD,1261.0000000000593,96
SESSION,1261.0000000000593,581
SLIDING,1261.0000000000593,834
THRESHOLD,1261.4000000000594,93
SLIDING,1261.6000000000595,882
SESSION,1261.6000000000595,592
THRESHOLD,1261.8000000000595,99
SLIDING,1262.0000000000596,904
SESSION,1262.0000000000596,586
THRESHOLD,1262.2000000000596,93
THRESHOLD,1262.6000000000597,94
SLIDING,1262.6000000000597,905
SESSION,1262.6000000000597,520
THRESHOLD,1263.0000000000598,94
SLIDING,1263.0000000000598,892
SESSION,1263.0000000000598,502
THRESHOLD,1263.40000000006,99
SESSION,1263.60000000006,518
SLIDING,1263.60000000006,862
THRESHOLD,1263.80000000006,97
SLIDING,1264.00000000006,828
SESSION,1264.00000000006,515
THRESHOLD,1264.20000000006,95
SLIDING,1264.6000000000602,735
THRESHOLD,1264.6000000000602,94
SESSION,1264.6000000000602,505
SESSION,1265.0000000000603,500
THRESHOLD,1265.0000000000603,94
TUMBLING,1265.0,714
SLIDING,1265.0000000000603,699
THRESHOLD,1265.4000000000603,98
SLIDING,1265.6000000000604,700
SESSION,1265.6000000000604,498
THRESHOLD,1265.8000000000604,92
SLIDING,1266.0000000000605,700
SESSION,1266.0000000000605,497
THRESHOLD,1266.2000000000605,94
SLIDING,1266.6000000000606,693
THRESHOLD,1266.6000000000606,93
SESSION,1266.6000000000606,488
THRESHOLD,1267.0000000000607,93
SESSION,1267.0000000000607,491
SLIDING,1267.0000000000607,694
THRESHOLD,1267.4000000000608,94
SESSION,1267.6000000000608,501
SLIDING,1267.6000000000608,690
THRESHOLD,1267.800000000061,92
SLIDING,1268.000000000061,688
SESSION,1268.000000000061,488
THRESHOLD,1268.200000000061,98
SESSION,1268.600000000061,499
SLIDING,1268.600000000061,690
THRESHOLD,1268.600000000061,96
SESSION,1269.0000000000612,504
THRESHOLD,1269.0000000000612,96
SLIDING,1269.0000000000612,690
THRESHOLD,1269.4000000000613,93
SESSION,1269.6000000000613,505
SLIDING,1269.6000000000613,689
THRESHOLD,1269.8000000000613,97
SESSION,1270.0000000000614,508
TUMBLING,1270.0,705
SLIDING,1270.0000000000614,688
THRESHOLD,1270.2000000000614,98
SLIDING,1270.6000000000615,787
THRESHOLD,1270.6000000000615,94
SESSION,1270.6000000000615,563
SLIDING,1271.0000000000616,838
SESSION,1271.0000000000616,585
THRESHOLD,1271.0000000000616,96
THRESHOLD,1271.4000000000617,94
SLIDING,1271.6000000000618,884
SESSION,1271.6000000000618,585
THRESHOLD,1271.8000000000618,94
SESSION,1272.0000000000618,573
SLIDING,1272.0000000000618,902
THRESHOLD,1272.200000000062,95
SLIDING,1272.600000000062,896
SESSION,1272.600000000062,527
THRESHOLD,1272.600000000062,96
THRESHOLD,1273.000000000062,93
SESSION,1273.000000000062,506
SLIDING,1273.000000000062,889
THRESHOLD,1273.4000000000622,96
SESSION,1273.6000000000622,498
SLIDING,1273.6000000000622,843
THRESHOLD,1273.8000000000623,91
SLIDING,1274.0000000000623,806
SESSION,1274.0000000000623,504
THRESHOLD,1274.2000000000623,94
THRESHOLD,1274.6000000000624,93
SESSION,1274.6000000000624,500
SLIDING,1274.6000000000624,726
SESSION,1275.0000000000625,497
TUMBLING,1275.0,705
THRESHOLD,1275.0000000000625,98
SLIDING,1275.0000000000625,691
THRESHOLD,1275.4000000000626,97
SESSION,1275.6000000000627,508
SLIDING,1275.6000000000627,682
THRESHOLD,1275.8000000000627,91
SLIDING,1276.0000000000628,692
SESSION,1276.0000000000628,509
THRESHOLD,1276.2000000000628,97
SESSION,1276.600000000063,489
SLIDING,1276.600000000063,689
THRESHOLD,1276.600000000063,95
SLIDING,1277.000000000063,691
SESSION,1277.000000000063,498
THRESHOLD,1277.000000000063,97
THRESHOLD,1277.400000000063,95
SLIDING,1277.6000000000631,702
SESSION,1277.6000000000631,504
THRESHOLD,1277.8000000000632,98
SESSION,1278.0000000000632,498
SLIDING,1278.0000000000632,705
THRESHOLD,1278.2000000000633,95
SLIDING,1278.6000000000633,695
SESSION,1278.6000000000633,509
THRESHOLD,1278.6000000000633,95
THRESHOLD,1279.0000000000634,94
SESSION,1279.0000000000634,510
SLIDING,1279.0000000000634,698
THRESHOLD,1279.4000000000635,97
SLIDING,1279.6000000000636,693
SESSION,1279.6000000000636,500
THRESHOLD,1279.8000000000636,94
SESSION,1280.0000000000637,494
SLIDING,1280.0000000000637,693
TUMBLING,1280.0,709
THRESHOLD,1280.2000000000637,98
SLIDING,1280.6000000000638,788
SESSION,1280.6000000000638,553
THRESHOLD,1280.6000000000638,94
THRESHOLD,1281.000000000064,95
SESSION,1281.000000000064,571
SLIDING,1281.000000000064,829
THRESHOLD,1281.400000000064,96
SESSION,1281.600000000064,592
SLIDING,1281.600000000064,880
THRESHOLD,1281.800000000064,93
SESSION,1282.0000000000641,576
SLIDING,1282.0000000000641,890
THRESHOLD,1282.2000000000642,95
SESSION,1282.6000000000643,532
SLIDING,1282.6000000000643,893
THRESHOLD,1282.6000000000643,98
SESSION,1283.0000000000643,507
SLIDING,1283.0000000000643,876
THRESHOLD,1283.0000000000643,94
THRESHOLD,1283.4000000000644,100
SESSION,1283.6000000000645,512
SLIDING,1283.6000000000645,848
THRESHOLD,1283.8000000000645,93
SLIDING,1284.0000000000646,810
SESSION,1284.0000000000646,505
THRESHOLD,1284.2000000000646,93
SESSION,1284.6000000000647,504
SLIDING,1284.6000000000647,729
THRESHOLD,1284.6000000000647,95
TUMBLING,1285.0,712
SESSION,1285.0000000000648,512
THRESHOLD,1285.0000000000648,94
SLIDING,1285.0000000000648,699
THRESHOLD,1285.400000000065,98
SESSION,1285.600000000065,504
SLIDING,1285.600000000065,703
THRESHOLD,1285.800000000065,98
SLIDING,1286.000000000065,706
SESSION,1286.000000000065,515
THRESHOLD,1286.200000000065,95
SLIDING,1286.6000000000652,703
THRESHOLD,1286.6000000000652,96
SESSION,1286.6000000000652,500
THRESHOLD,1287.0000000000653,100
SLIDING,1287.0000000000653,707
SESSION,1287.0000000000653,507
THRESHOLD,1287.4000000000653,96
SLIDING,1287.6000000000654,692
SESSION,1287.6000000000654,506
THRESHOLD,1287.8000000000654,95
SLIDING,1288.0000000000655,707
SESSION,1288.0000000000655,516
THRESHOLD,1288.2000000000655,96
SLIDING,1288.6000000000656,698
SESSION,1288.6000000000656,511
THRESHOLD,1288.6000000000656,92
THRESHOLD,1289.0000000000657,95
SLIDING,1289.0000000000657,692
SESSION,1289.0000000000657,493
THRESHOLD,1289.4000000000658,98
SESSION,1289.6000000000658,506
SLIDING,1289.6000000000658,698
THRESHOLD,1289.800000000066,95
SESSION,1290.000000000066,493
SLIDING,1290.000000000066,702
TUMBLING,1290.0,711
THRESHOLD,1290.200000000066,96
THRESHOLD,1290.600000000066,90
SLIDING,1290.600000000066,791
SESSION,1290.600000000066,553
SLIDING,1291.0000000000662,823
THRESHOLD,1291.0000000000662,93
SESSION,1291.0000000000662,578
THRESHOLD,1291.4000000000663,96
SESSION,1291.6000000000663,587
SLIDING,1291.6000000000663,874
THRESHOLD,1291.8000000000663,96
SESSION,1292.0000000000664,580
SLIDING,1292.0000000000664,888
THRESHOLD,1292.2000000000664,97
SESSION,1292.6000000000665,525
THRESHOLD,1292.6000000000665,92
SLIDING,1292.6000000000665,886
SESSION,1293.0000000000666,492
THRESHOLD,1293.0000000000666,92
SLIDING,1293.0000000000666,880
THRESHOLD,1293.4000000000667,96
SESSION,1293.6000000000668,494
SLIDING,1293.6000000000668,844
THRESHOLD,1293.8000000000668,95
SESSION,1294.0000000000668,505
SLIDING,1294.0000000000668,812
THRESHOLD,1294.200000000067,96
SLIDING,1294.600000000067,733
SESSION,1294.600000000067,509
THRESHOLD,1294.600000000067,96
SESSION,1295.000000000067,508
TUMBLING,1295.0,714
SLIDING,1295.000000000067,699
THRESHOLD,1295.000000000067,96
THRESHOLD,1295.4000000000672,96
SESSION,1295.6000000000672,505
SLIDING,1295.6000000000672,699
THRESHOLD,1295.8000000000673,96
SESSION,1296.0000000000673,506
SLIDING,1296.0000000000673,706
THRESHOLD,1296.2000000000673,93
SLIDING,1296.6000000000674,702
THRESHOLD,1296.6000000000674,99
SESSION,1296.6000000000674,502
SESSION,1297.0000000000675,507
THRESHOLD,1297.0000000000675,97
SLIDING,1297.0000000000675,696
THRESHOLD,1297.4000000000676,93
SESSION,1297.6000000000677,501
SLIDING,1297.6000000000677,695
THRESHOLD,1297.8000000000677,95
SESSION,1298.0000000000678,507
SLIDING,1298.0000000000678,704
THRESHOLD,1298.2000000000678,96
SLIDING,1298.600000000068,711
SESSION,1298.600000000068,513
THRESHOLD,1298.600000000068,98
SESSION,1299.000000000068,517
THRESHOLD,1299.000000000068,95
SLIDING,1299.000000000068,711
THRESHOLD,1299.400000000068,96
SESSION,1299.6000000000681,508
SLIDING,1299.6000000000681,710
THRESHOLD,1299.8000000000682,94
SLIDING,1300.0000000000682,712
TUMBLING,1300.0,723
SESSION,1300.0000000000682,511
THRESHOLD,1300.2000000000683,96
SESSION,1300.6000000000683,569
THRESHOLD,1300.6000000000683,98
SLIDING,1300.6000000000683,799
THRESHOLD,1301.0000000000684,96
SLIDING,1301.0000000000684,857
SESSION,1301.0000000000684,590
THRESHOLD,1301.4000000000685,90
SESSION,1301.6000000000686,586
SLIDING,1301.6000000000686,885
THRESHOLD,1301.8000000000686,97
SLIDING,1302.0000000000687,902
SESSION,1302.0000000000687,575
THRESHOLD,1302.2000000000687,94
SESSION,1302.6000000000688,527
SLIDING,1302.6000000000688,907
THRESHOLD,1302.6000000000688,99
THRESHOLD,1303.000000000069,91
SESSION,1303.000000000069,511
SLIDING,1303.000000000069,891
THRESHOLD,1303.400000000069,94
SLIDING,1303.600000000069,844
SESSION,1303.600000000069,489
THRESHOLD,1303.800000000069,93
SLIDING,1304.0000000000691,799
SESSION,1304.0000000000691,491
THRESHOLD,1304.2000000000692,99
SESSION,1304.6000000000693,501
SLIDING,1304.6000000000693,730
THRESHOLD,1304.6000000000693,100
SESSION,1305.0000000000693,512
SLIDING,1305.0000000000693,708
TUMBLING,1305.0,720
THRESHOLD,1305.0000000000693,95
THRESHOLD,1305.4000000000694,93
SLIDING,1305.6000000000695,702
SESSION,1305.6000000000695,517
THRESHOLD,1305.8000000000695,97
SLIDING,1306.0000000000696,713
SESSION,1306.0000000000696,516
THRESHOLD,1306.2000000000696,94
SESSION,1306.6000000000697,513
THRESHOLD,1306.6000000000697,93
SLIDING,1306.6000000000697,711
SLIDING,1307.0000000000698,711
THRESHOLD,1307.0000000000698,90
SESSION,1307.0000000000698,496
THRESHOLD,1307.40000000007,96
SLIDING,1307.60000000007,716
SESSION,1307.60000000007,499
THRESHOLD,1307.80000000007,95
SESSION,1308.00000000007,497
SLIDING,1308.00000000007,710
THRESHOLD,1308.20000000007,95
SLIDING,1308.6000000000702,694
SESSION,1308.6000000000702,500
THRESHOLD,1308.6000000000702,95
THRESHOLD,1309.0000000000703,93
SESSION,1309.0000000000703,499
SLIDING,1309.0000000000703,690
THRESHOLD,1309.4000000000703,97
SLIDING,1309.6000000000704,699
SESSION,1309.6000000000704,504
THRESHOLD,1309.8000000000704,93
SESSION,1310.0000000000705,509
TUMBLING,1310.0,721
SLIDING,1310.0000000000705,706
THRESHOLD,1310.2000000000705,98
THRESHOLD,1310.6000000000706,96
SESSION,1310.6000000000706,582
SLIDING,1310.6000000000706,798
THRESHOLD,1311.0000000000707,89
SLIDING,1311.0000000000707,837
SESSION,1311.0000000000707,591
THRESHOLD,1311.4000000000708,95
SLIDING,1311.6000000000708,872
SESSION,1311.6000000000708,575
THRESHOLD,1311.800000000071,97
SESSION,1312.000000000071,559
SLIDING,1312.000000000071,886
THRESHOLD,1312.200000000071,93
SLIDING,1312.600000000071,903
SESSION,1312.600000000071,512
THRESHOLD,1312.600000000071,94
THRESHOLD,1313.0000000000712,93
SESSION,1313.0000000000712,489
SLIDING,1313.0000000000712,882
THRESHOLD,1313.4000000000713,93
SLIDING,1313.6000000000713,842
SESSION,1313.6000000000713,501
THRESHOLD,1313.8000000000713,95
SLIDING,1314.0000000000714,806
SESSION,1314.0000000000714,508
THRESHOLD,1314.2000000000714,99
THRESHOLD,1314.6000000000715,95
SESSION,1314.6000000000715,498
SLIDING,1314.6000000000715,729
SESSION,1315.0000000000716,507
SLIDING,1315.0000000000716,696
THRESHOLD,1315.0000000000716,96
TUMBLING,1315.0,714
THRESHOLD,1315.4000000000717,94
SESSION,1315.6000000000718,504
SLIDING,1315.6000000000718,697
THRESHOLD,1315.8000000000718,95
SLIDING,1316.0000000000719,698
SESSION,1316.0000000000719,505
THRESHOLD,1316.200000000072,97
SESSION,1316.600000000072,514
THRESHOLD,1316.600000000072,94
SLIDING,1316.600000000072,695
SESSION,1317.000000000072,503
SLIDING,1317.000000000072,696
THRESHOLD,1317.000000000072,98
THRESHOLD,1317.4000000000722,93
SLIDING,1317.6000000000722,702
SESSION,1317.6000000000722,501
THRESHOLD,1317.8000000000723,96
SESSION,1318.0000000000723,502
SLIDING,1318.0000000000723,706
THRESHOLD,1318.2000000000724,95
SLIDING,1318.6000000000724,704
THRESHOLD,1318.6000000000724,96
SESSION,1318.6000000000724,507
SESSION,1319.0000000000725,501
SLIDING,1319.0000000000725,694
THRESHOLD,1319.0000000000725,92
THRESHOLD,1319.4000000000726,94
SLIDING,1319.6000000000727,688
SESSION,1319.6000000000727,506
THRESHOLD,1319.8000000000727,95
SESSION,1320.0000000000728,504
SLIDING,1320.0000000000728,684
TUMBLING,1320.0,697
THRESHOLD,1320.2000000000728,96
SESSION,1320.600000000073,563
THRESHOLD,1320.600000000073,96
SLIDING,1320.600000000073,792
SESSION,1321.000000000073,588
SLIDING,1321.000000000073,838
THRESHOLD,1321.000000000073,98
THRESHOLD,1321.400000000073,97
SLIDING,1321.6000000000731,888
SESSION,1321.6000000000731,593
THRESHOLD,1321.8000000000732,94
SESSION,1322.0000000000732,574
SLIDING,1322.0000000000732,897
THRESHOLD,1322.2000000000733,95
SESSION,1322.6000000000734,525
THRESHOLD,1322.6000000000734,95
SLIDING,1322.6000000000734,896
THRESHOLD,1323.0000000000734,95
SESSION,1323.0000000000734,497
SLIDING,1323.0000000000734,879
THRESHOLD,1323.4000000000735,95
SLIDING,1323.6000000000736,834
SESSION,1323.6000000000736,502
THRESHOLD,1323.8000000000736,95
SLIDING,1324.0000000000737,794
SESSION,1324.0000000000737,497
THRESHOLD,1324.2000000000737,94
SESSION,1324.6000000000738,509
THRESHOLD,1324.6000000000738,94
SLIDING,1324.6000000000738,712
THRESHOLD,1325.000000000074,97
SESSION,1325.000000000074,509
TUMBLING,1325.0,692
SLIDING,1325.000000000074,678
THRESHOLD,1325.400000000074,96
SESSION,1325.600000000074,514
SLIDING,1325.600000000074,698
THRESHOLD,1325.800000000074,92
SLIDING,1326.0000000000741,700
SESSION,1326.0000000000741,508
THRESHOLD,1326.2000000000742,99
SESSION,1326.6000000000743,506
SLIDING,1326.6000000000743,710
THRESHOLD,1326.6000000000743,95
THRESHOLD,1327.0000000000744,95
SLIDING,1327.0000000000744,706
SESSION,1327.0000000000744,505
THRESHOLD,1327.4000000000744,93
SLIDING,1327.6000000000745,702
SESSION,1327.6000000000745,498
THRESHOLD,1327.8000000000745,94
SLIDING,1328.0000000000746,689
SESSION,1328.0000000000746,493
THRESHOLD,1328.2000000000746,100
SESSION,1328.6000000000747,501
THRESHOLD,1328.6000000000747,97
SLIDING,1328.6000000000747,687
SESSION,1329.0000000000748,508
THRESHOLD,1329.0000000000748,93
SLIDING,1329.0000000000748,685
THRESHOLD,1329.400000000075,91
SESSION,1329.600000000075,519
SLIDING,1329.600000000075,696
THRESHOLD,1329.800000000075,96
SESSION,1330.000000000075,510
SLIDING,1330.000000000075,695
TUMBLING,1330.0,709
THRESHOLD,1330.200000000075,99
THRESHOLD,1330.6000000000752,93
SLIDING,1330.6000000000752,805
SESSION,1330.6000000000752,573
SLIDING,1331.0000000000753,846
THRESHOLD,1331.0000000000753,97
SESSION,1331.0000000000753,583
THRESHOLD,1331.4000000000754,93
SLIDING,1331.6000000000754,890
SESSION,1331.6000000000754,576
THRESHOLD,1331.8000000000754,93
SESSION,1332.0000000000755,562
SLIDING,1332.0000000000755,895
THRESHOLD,1332.2000000000755,94
SLIDING,1332.6000000000756,896
SESSION,1332.6000000000756,514
THRESHOLD,1332.6000000000756,93
SESSION,1333.0000000000757,489
SLIDING,1333.0000000000757,871
THRESHOLD,1333.0000000000757,97
THRESHOLD,1333.4000000000758,96
SESSION,1333.6000000000759,504
SLIDING,1333.6000000000759,835
THRESHOLD,1333.800000000076,94
SESSION,1334.000000000076,505
SLIDING,1334.000000000076,803
THRESHOLD,1334.200000000076,97
THRESHOLD,1334.600000000076,93
SESSION,1334.600000000076,501
SLIDING,1334.600000000076,724
TUMBLING,1335.0,710
THRESHOLD,1335.0000000000762,98
SESSION,1335.0000000000762,497
SLIDING,1335.0000000000762,696
THRESHOLD,1335.4000000000763,98
SLIDING,1335.6000000000763,700
SESSION,1335.6000000000763,506
THRESHOLD,1335.8000000000764,95
SLIDING,1336.0000000000764,694
SESSION,1336.0000000000764,497
THRESHOLD,1336.2000000000764,93
SLIDING,1336.6000000000765,681
SESSION,1336.6000000000765,492
THRESHOLD,1336.6000000000765,95
THRESHOLD,1337.0000000000766,94
SLIDING,1337.0000000000766,672
SESSION,1337.0000000000766,495
THRESHOLD,1337.4000000000767,99
SLIDING,1337.6000000000768,686
SESSION,1337.6000000000768,510
THRESHOLD,1337.8000000000768,96
SESSION,1338.0000000000769,516
SLIDING,1338.0000000000769,686
THRESHOLD,1338.200000000077,93
SESSION,1338.600000000077,510
THRESHOLD,1338.600000000077,96
SLIDING,1338.600000000077,689
THRESHOLD,1339.000000000077,95
SESSION,1339.000000000077,512
SLIDING,1339.000000000077,698
THRESHOLD,1339.4000000000772,96
SESSION,1339.6000000000772,506
SLIDING,1339.6000000000772,698
THRESHOLD,1339.8000000000773,97
SESSION,1340.0000000000773,508
TUMBLING,1340.0,716
SLIDING,1340.0000000000773,703
THRESHOLD,1340.2000000000774,96
SESSION,1340.6000000000774,559
THRESHOLD,1340.6000000000774,93
SLIDING,1340.6000000000774,788
THRESHOLD,1341.0000000000775,94
SLIDING,1341.0000000000775,829
SESSION,1341.0000000000775,577
THRESHOLD,1341.4000000000776,98
SLIDING,1341.6000000000777,882
SESSION,1341.6000000000777,581
THRESHOLD,1341.8000000000777,97
SLIDING,1342.0000000000778,897
SESSION,1342.0000000000778,574
THRESHOLD,1342.2000000000778,95
SESSION,1342.600000000078,521
SLIDING,1342.600000000078,893
THRESHOLD,1342.600000000078,94
SESSION,1343.000000000078,505
THRESHOLD,1343.000000000078,93
SLIDING,1343.000000000078,889
THRESHOLD,1343.400000000078,93
SESSION,1343.6000000000781,507
SLIDING,1343.6000000000781,849
THRESHOLD,1343.8000000000782,100
SLIDING,1344.0000000000782,814
SESSION,1344.0000000000782,500
THRESHOLD,1344.2000000000783,97
THRESHOLD,1344.6000000000784,92
SESSION,1344.6000000000784,503
SLIDING,1344.6000000000784,740
THRESHOLD,1345.0000000000784,93
TUMBLING,1345.0,728
SESSION,1345.0000000000784,509
SLIDING,1345.0000000000784,719
THRESHOLD,1345.4000000000785,98
SESSION,1345.6000000000786,508
SLIDING,1345.6000000000786,722
THRESHOLD,1345.8000000000786,95
SLIDING,1346.0000000000787,717
SESSION,1346.0000000000787,498
THRESHOLD,1346.2000000000787,95
SLIDING,1346.6000000000788,703
THRESHOLD,1346.6000000000788,93
SESSION,1346.6000000000788,484
SESSION,1347.000000000079,489
THRESHOLD,1347.000000000079,97
SLIDING,1347.000000000079,700
THRESHOLD,1347.400000000079,95
SESSION,1347.600000000079,491
SLIDING,1347.600000000079,688
THRESHOLD,1347.800000000079,96
SESSION,1348.0000000000791,496
SLIDING,1348.0000000000791,682
THRESHOLD,1348.2000000000792,95
SLIDING,1348.6000000000793,685
SESSION,1348.6000000000793,508
THRESHOLD,1348.6000000000793,94
SLIDING,1349.0000000000794,682
SESSION,1349.0000000000794,500
THRESHOLD,1349.0000000000794,93
THRESHOLD,1349.4000000000794,97
SESSION,1349.6000000000795,502
SLIDING,1349.6000000000795,699
THRESHOLD,1349.8000000000795,94
TUMBLING,1350.0,726
SLIDING,1350.0000000000796,705
SESSION,1350.0000000000796,508
THRESHOLD,1350.2000000000796,97
THRESHOLD,1350.6000000000797,95
SESSION,1350.6000000000797,571
SLIDING,1350.6000000000797,797
SESSION,1351.0000000000798,587
SLIDING,1351.0000000000798,836
THRESHOLD,1351.0000000000798,91
THRESHOLD,1351.40000000008,95
SESSION,1351.60000000008,587
SLIDING,1351.60000000008,881
THRESHOLD,1351.80000000008,94
SESSION,1352.00000000008,580
SLIDING,1352.00000000008,901
THRESHOLD,1352.20000000008,91
SLIDING,1352.6000000000802,907
THRESHOLD,1352.6000000000802,97
SESSION,1352.6000000000802,525
SESSION,1353.0000000000803,507
THRESHOLD,1353.0000000000803,93
SLIDING,1353.0000000000803,901
THRESHOLD,1353.4000000000804,96
SESSION,1353.6000000000804,496
SLIDING,1353.6000000000804,853
THRESHOLD,1353.8000000000804,94
SLIDING,1354.0000000000805,814
SESSION,1354.0000000000805,495
THRESHOLD,1354.2000000000805,95
THRESHOLD,1354.6000000000806,97
SLIDING,1354.6000000000806,729
SESSION,1354.6000000000806,497
THRESHOLD,1355.0000000000807,97
TUMBLING,1355.0,713
SLIDING,1355.0000000000807,698
SESSION,1355.0000000000807,506
THRESHOLD,1355.4000000000808,94
SLIDING,1355.6000000000809,698
SESSION,1355.6000000000809,508
THRESHOLD,1355.800000000081,94
SLIDING,1356.000000000081,696
SESSION,1356.000000000081,505
THRESHOLD,1356.200000000081,96
THRESHOLD,1356.600000000081,95
SLIDING,1356.600000000081,690
SESSION,1356.600000000081,503
THRESHOLD,1357.0000000000812,96
SLIDING,1357.0000000000812,694
SESSION,1357.0000000000812,499
THRESHOLD,1357.4000000000813,92
SESSION,1357.6000000000813,503
SLIDING,1357.6000000000813,689
THRESHOLD,1357.8000000000814,95
SLIDING,1358.0000000000814,705
SESSION,1358.0000000000814,515
THRESHOLD,1358.2000000000814,99
SLIDING,1358.6000000000815,700
SESSION,1358.6000000000815,510
THRESHOLD,1358.6000000000815,91
SLIDING,1359.0000000000816,694
SESSION,1359.0000000000816,507
THRESHOLD,1359.0000000000816,96
THRESHOLD,1359.4000000000817,93
SESSION,1359.6000000000818,498
SLIDING,1359.6000000000818,693
THRESHOLD,1359.8000000000818,96
SLIDING,1360.0000000000819,697
TUMBLING,1360.0,716
SESSION,1360.0000000000819,502
THRESHOLD,1360.200000000082,94
SESSION,1360.600000000082,562
THRESHOLD,1360.600000000082,96
SLIDING,1360.600000000082,789
SESSION,1361.000000000082,579
SLIDING,1361.000000000082,839
THRESHOLD,1361.000000000082,97
THRESHOLD,1361.4000000000822,96
SLIDING,1361.6000000000822,877
SESSION,1361.6000000000822,585
THRESHOLD,1361.8000000000823,97
SESSION,1362.0000000000823,572
SLIDING,1362.0000000000823,893
THRESHOLD,1362.2000000000824,97
SLIDING,1362.6000000000824,894
THRESHOLD,1362.6000000000824,99
SESSION,1362.6000000000824,525
SLIDING,1363.0000000000825,880
SESSION,1363.0000000000825,502
THRESHOLD,1363.0000000000825,90
THRESHOLD,1363.4000000000826,96
SLIDING,1363.6000000000827,851
SESSION,1363.6000000000827,513
THRESHOLD,1363.8000000000827,95
SESSION,1364.0000000000828,504
SLIDING,1364.0000000000828,809
THRESHOLD,1364.2000000000828,97
SESSION,1364.600000000083,512
SLIDING,1364.600000000083,742
THRESHOLD,1364.600000000083,97
SESSION,1365.000000000083,515
THRESHOLD,1365.000000000083,94
SLIDING,1365.000000000083,703
TUMBLING,1365.0,719
THRESHOLD,1365.400000000083,97
SESSION,1365.6000000000831,507
SLIDING,1365.6000000000831,709
THRESHOLD,1365.8000000000832,93
SESSION,1366.0000000000832,512
SLIDING,1366.0000000000832,705
THRESHOLD,1366.2000000000833,96
THRESHOLD,1366.6000000000834,89
SESSION,1366.6000000000834,522
SLIDING,1366.6000000000834,710
SLIDING,1367.0000000000834,710
THRESHOLD,1367.0000000000834,92
SESSION,1367.0000000000834,510
THRESHOLD,1367.4000000000835,96
SESSION,1367.6000000000836,503
SLIDING,1367.6000000000836,701
THRESHOLD,1367.8000000000836,94
SLIDING,1368.0000000000837,697
SESSION,1368.0000000000837,497
THRESHOLD,1368.2000000000837,94
SLIDING,1368.6000000000838,696
THRESHOLD,1368.6000000000838,95
SESSION,1368.6000000000838,503
SESSION,1369.000000000084,498
SLIDING,1369.000000000084,706
THRESHOLD,1369.000000000084,91
THRESHOLD,1369.400000000084,94
SESSION,1369.600000000084,498
SLIDING,1369.600000000084,706
THRESHOLD,1369.800000000084,92
SESSION,1370.0000000000841,505
SLIDING,1370.0000000000841,708
TUMBLING,1370.0,721
THRESHOLD,1370.2000000000842,95
SLIDING,1370.6000000000843,794
THRESHOLD,1370.6000000000843,95
SESSION,1370.6000000000843,557
THRESHOLD,1371.0000000000844,93
SESSION,1371.0000000000844,567
SLIDING,1371.0000000000844,826
THRESHOLD,1371.4000000000844,94
SESSION,1371.6000000000845,577
SLIDING,1371.6000000000845,874
THRESHOLD,1371.8000000000845,98
SLIDING,1372.0000000000846,897
SESSION,1372.0000000000846,573
THRESHOLD,1372.2000000000846,99
SLIDING,1372.6000000000847,908
THRESHOLD,1372.6000000000847,96
SESSION,1372.6000000000847,540
THRESHOLD,1373.0000000000848,94
SLIDING,1373.0000000000848,893
SESSION,1373.0000000000848,517
THRESHOLD,1373.400000000085,93
SESSION,1373.600000000085,520
SLIDING,1373.600000000085,865
THRESHOLD,1373.800000000085,94
SESSION,1374.000000000085,507
SLIDING,1374.000000000085,827
THRESHOLD,1374.200000000085,94
SESSION,1374.6000000000852,515
THRESHOLD,1374.6000000000852,96
SLIDING,1374.6000000000852,748
SLIDING,1375.0000000000853,713
THRESHOLD,1375.0000000000853,95
SESSION,1375.0000000000853,505
TUMBLING,1375.0,731
THRESHOLD,1375.4000000000854,98
SLIDING,1375.6000000000854,711
SESSION,1375.6000000000854,499
THRESHOLD,1375.8000000000854,99
SESSION,1376.0000000000855,503
SLIDING,1376.0000000000855,710
THRESHOLD,1376.2000000000855,93
SLIDING,1376.6000000000856,703
THRESHOLD,1376.6000000000856,94
SESSION,1376.6000000000856,501
SLIDING,1377.0000000000857,691
THRESHOLD,1377.0000000000857,92
SESSION,1377.0000000000857,497
THRESHOLD,1377.4000000000858,94
SLIDING,1377.6000000000859,685
SESSION,1377.6000000000859,498
THRESHOLD,1377.800000000086,95
SLIDING,1378.000000000086,686
SESSION,1378.000000000086,492
THRESHOLD,1378.200000000086,95
THRESHOLD,1378.600000000086,93
SESSION,1378.600000000086,490
SLIDING,1378.600000000086,684
SLIDING,1379.0000000000862,684
SESSION,1379.0000000000862,503
THRESHOLD,1379.0000000000862,93
THRESHOLD,1379.4000000000863,93
SESSION,1379.6000000000863,506
SLIDING,1379.6000000000863,688
THRESHOLD,1379.8000000000864,98
SESSION,1380.0000000000864,507
TUMBLING,1380.0,709
SLIDING,1380.0000000000864,695
THRESHOLD,1380.2000000000864,94
SESSION,1380.6000000000865,571
SLIDING,1380.6000000000865,781
THRESHOLD,1380.6000000000865,97
SLIDING,1381.0000000000866,833
SESSION,1381.0000000000866,591
THRESHOLD,1381.0000000000866,94
THRESHOLD,1381.4000000000867,89
SLIDING,1381.6000000000868,882
SESSION,1381.6000000000868,584
THRESHOLD,1381.8000000000868,87
SLIDING,1382.0000000000869,894
SESSION,1382.0000000000869,565
THRESHOLD,1382.200000000087,95
SESSION,1382.600000000087,523
THRESHOLD,1382.600000000087,98
SLIDING,1382.600000000087,904
SLIDING,1383.000000000087,897
SESSION,1383.000000000087,505
THRESHOLD,1383.000000000087,95
THRESHOLD,1383.4000000000872,96
SLIDING,1383.6000000000872,867
SESSION,1383.6000000000872,517
THRESHOLD,1383.8000000000873,94
SESSION,1384.0000000000873,509
SLIDING,1384.0000000000873,827
THRESHOLD,1384.2000000000874,96
SESSION,1384.6000000000874,512
THRESHOLD,1384.6000000000874,97
SLIDING,1384.6000000000874,746
TUMBLING,1385.0,725
THRESHOLD,1385.0000000000875,97
SESSION,1385.0000000000875,510
SLIDING,1385.0000000000875,709
THRESHOLD,1385.4000000000876,95
SESSION,1385.6000000000877,505
SLIDING,1385.6000000000877,704
THRESHOLD,1385.8000000000877,93
SESSION,1386.0000000000878,501
SLIDING,1386.0000000000878,697
THRESHOLD,1386.2000000000878,94
SESSION,1386.600000000088,505
THRESHOLD,1386.600000000088,95
SLIDING,1386.600000000088,691
THRESHOLD,1387.000000000088,89
SESSION,1387.000000000088,500
SLIDING,1387.000000000088,692
THRESHOLD,1387.400000000088,94
SLIDING,1387.6000000000881,679
SESSION,1387.6000000000881,485
THRESHOLD,1387.8000000000882,96
SLIDING,1388.0000000000882,692
SESSION,1388.0000000000882,494
THRESHOLD,1388.2000000000883,94
SLIDING,1388.6000000000884,697
THRESHOLD,1388.6000000000884,93
SESSION,1388.6000000000884,487
SLIDING,1389.0000000000884,691
SESSION,1389.0000000000884,492
THRESHOLD,1389.0000000000884,96
THRESHOLD,1389.4000000000885,99
SLIDING,1389.6000000000886,687
SESSION,1389.6000000000886,505
THRESHOLD,1389.8000000000886,95
SLIDING,1390.0000000000887,684
SESSION,1390.0000000000887,500
TUMBLING,1390.0,700
THRESHOLD,1390.2000000000887,96
SESSION,1390.6000000000888,558
SLIDING,1390.6000000000888,770
THRESHOLD,1390.6000000000888,94
THRESHOLD,1391.000000000089,92
SLIDING,1391.000000000089,819
SESSION,1391.000000000089,572
THRESHOLD,1391.400000000089,94
SLIDING,1391.600000000089,879
SESSION,1391.600000000089,595
THRESHOLD,1391.800000000089,97
SESSION,1392.0000000000891,579
SLIDING,1392.0000000000891,894
THRESHOLD,1392.2000000000892,98
THRESHOLD,1392.6000000000893,93
SESSION,1392.6000000000893,528
SLIDING,1392.6000000000893,901
SLIDING,1393.0000000000894,886
SESSION,1393.0000000000894,506
THRESHOLD,1393.0000000000894,92
THRESHOLD,1393.4000000000894,97
SESSION,1393.6000000000895,500
SLIDING,1393.6000000000895,858
THRESHOLD,1393.8000000000895,95
SESSION,1394.0000000000896,501
SLIDING,1394.0000000000896,811
THRESHOLD,1394.2000000000896,92
SESSION,1394.6000000000897,499
SLIDING,1394.6000000000897,729
THRESHOLD,1394.6000000000897,96
SESSION,1395.0000000000898,505
SLIDING,1395.0000000000898,696
TUMBLING,1395.0,715
THRESHOLD,1395.0000000000898,95
THRESHOLD,1395.40000000009,93
SESSION,1395.60000000009,509
SLIDING,1395.60000000009,694
THRESHOLD,1395.80000000009,92
SESSION,1396.00000000009,503
SLIDING,1396.00000000009,703
THRESHOLD,1396.20000000009,97
SLIDING,1396.6000000000902,690
THRESHOLD,1396.6000000000902,96
SESSION,1396.6000000000902,498
SLIDING,1397.0000000000903,692
THRESHOLD,1397.0000000000903,91
SESSION,1397.0000000000903,507
THRESHOLD,1397.4000000000904,94
SESSION,1397.6000000000904,482
SLIDING,1397.6000000000904,690
THRESHOLD,1397.8000000000904,93
SESSION,1398.0000000000905,484
SLIDING,1398.0000000000905,689
THRESHOLD,1398.2000000000905,97
THRESHOLD,1398.6000000000906,94
SLIDING,1398.6000000000906,693
SESSION,1398.6000000000906,502
THRESHOLD,1399.0000000000907,95
SLIDING,1399.0000000000907,696
SESSION,1399.0000000000907,497
THRESHOLD,1399.4000000000908,99
SESSION,1399.6000000000909,492
SLIDING,1399.6000000000909,671
THRESHOLD,1399.800000000091,94
TUMBLING,1400.0,697
SESSION,1400.000000000091,497
SLIDING,1400.000000000091,688
THRESHOLD,1400.200000000091,95
SLIDING,1400.600000000091,789
THRESHOLD,1400.600000000091,94
SESSION,1400.600000000091,559
THRESHOLD,1401.0000000000912,92
SLIDING,1401.0000000000912,834
SESSION,1401.0000000000912,583
THRESHOLD,1401.4000000000913,99
SESSION,1401.6000000000913,594
SLIDING,1401.6000000000913,874
THRESHOLD,1401.8000000000914,91
SLIDING,1402.0000000000914,885
SESSION,1402.0000000000914,574
THRESHOLD,1402.2000000000914,96
SESSION,1402.6000000000915,523
SLIDING,1402.6000000000915,892
THRESHOLD,1402.6000000000915,96
SLIDING,1403.0000000000916,884
THRESHOLD,1403.0000000000916,96
SESSION,1403.0000000000916,499
THRESHOLD,1403.4000000000917,92
SESSION,1403.6000000000918,510
SLIDING,1403.6000000000918,866
THRESHOLD,1403.8000000000918,96
SLIDING,1404.0000000000919,829
SESSION,1404.0000000000919,513
THRESHOLD,1404.200000000092,95
SLIDING,1404.600000000092,741
SESSION,1404.600000000092,504
THRESHOLD,1404.600000000092,93
SESSION,1405.000000000092,503
TUMBLING,1405.0,715
THRESHOLD,1405.000000000092,97
SLIDING,1405.000000000092,695
THRESHOLD,1405.4000000000922,96
SESSION,1405.6000000000922,495
SLIDING,1405.6000000000922,704
THRESHOLD,1405.8000000000923,93
SESSION,1406.0000000000923,494
SLIDING,1406.0000000000923,705
THRESHOLD,1406.2000000000924,97
SLIDING,1406.6000000000925,703
THRESHOLD,1406.6000000000925,95
SESSION,1406.6000000000925,504
SLIDING,1407.0000000000925,699
SESSION,1407.0000000000925,504
THRESHOLD,1407.0000000000925,100
THRESHOLD,1407.4000000000926,93
SESSION,1407.6000000000927,521
SLIDING,1407.6000000000927,698
THRESHOLD,1407.8000000000927,94
SESSION,1408.0000000000928,512
SLIDING,1408.0000000000928,696
THRESHOLD,1408.2000000000928,92
THRESHOLD,1408.600000000093,98
SLIDING,1408.600000000093,695
SESSION,1408.600000000093,506
SLIDING,1409.000000000093,694
SESSION,1409.000000000093,494
THRESHOLD,1409.000000000093,94
THRESHOLD,1409.400000000093,95
SESSION,1409.6000000000931,496
SLIDING,1409.6000000000931,701
THRESHOLD,1409.8000000000932,95
TUMBLING,1410.0,710
SESSION,1410.0000000000932,492
SLIDING,1410.0000000000932,695
THRESHOLD,1410.2000000000933,95
SESSION,1410.6000000000934,551
SLIDING,1410.6000000000934,785
THRESHOLD,1410.6000000000934,96
THRESHOLD,1411.0000000000935,95
SLIDING,1411.0000000000935,825
SESSION,1411.0000000000935,582
THRESHOLD,1411.4000000000935,97
SLIDING,1411.6000000000936,868
SESSION,1411.6000000000936,586
THRESHOLD,1411.8000000000936,95
SLIDING,1412.0000000000937,874
SESSION,1412.0000000000937,563
THRESHOLD,1412.2000000000937,95
SLIDING,1412.6000000000938,879
SESSION,1412.6000000000938,518
THRESHOLD,1412.6000000000938,92
SLIDING,1413.000000000094,873
SESSION,1413.000000000094,497
THRESHOLD,1413.000000000094,97
THRESHOLD,1413.400000000094,94
SLIDING,1413.600000000094,835
SESSION,1413.600000000094,500
THRESHOLD,1413.800000000094,92
SESSION,1414.0000000000941,490
SLIDING,1414.0000000000941,790
THRESHOLD,1414.2000000000942,95
SESSION,1414.6000000000943,493
SLIDING,1414.6000000000943,715
THRESHOLD,1414.6000000000943,97
SESSION,1415.0000000000944,500
SLIDING,1415.0000000000944,693
TUMBLING,1415.0,703
THRESHOLD,1415.0000000000944,97
THRESHOLD,1415.4000000000945,95
SESSION,1415.6000000000945,507
SLIDING,1415.6000000000945,689
THRESHOLD,1415.8000000000945,98
SLIDING,1416.0000000000946,695
SESSION,1416.0000000000946,504
THRESHOLD,1416.2000000000946,94
SESSION,1416.6000000000947,519
SLIDING,1416.6000000000947,692
THRESHOLD,1416.6000000000947,94
SESSION,1417.0000000000948,508
THRESHOLD,1417.0000000000948,97
SLIDING,1417.0000000000948,696
THRESHOLD,1417.400000000095,94
SLIDING,1417.600000000095,695
SESSION,1417.600000000095,501
THRESHOLD,1417.800000000095,96
SLIDING,1418.000000000095,696
SESSION,1418.000000000095,493
THRESHOLD,1418.200000000095,93
SLIDING,1418.6000000000952,707
THRESHOLD,1418.6000000000952,97
SESSION,1418.6000000000952,497
SLIDING,1419.0000000000953,703
THRESHOLD,1419.0000000000953,95
SESSION,1419.0000000000953,501
THRESHOLD,1419.4000000000954,94
SLIDING,1419.6000000000954,697
SESSION,1419.6000000000954,506
THRESHOLD,1419.8000000000955,94
SESSION,1420.0000000000955,496
SLIDING,1420.0000000000955,684
TUMBLING,1420.0,699
THRESHOLD,1420.2000000000955,98
SESSION,1420.6000000000956,553
SLIDING,1420.6000000000956,783
THRESHOLD,1420.6000000000956,98
THRESHOLD,1421.0000000000957,95
SLIDING,1421.0000000000957,831
SESSION,1421.0000000000957,571
THRESHOLD,1421.4000000000958,94
SLIDING,1421.6000000000959,880
SESSION,1421.6000000000959,588
THRESHOLD,1421.800000000096,94
SLIDING,1422.000000000096,895
SESSION,1422.000000000096,572
THRESHOLD,1422.200000000096,93
SLIDING,1422.600000000096,889
SESSION,1422.600000000096,532
THRESHOLD,1422.600000000096,97
THRESHOLD,1423.0000000000962,97
SLIDING,1423.0000000000962,868
SESSION,1423.0000000000962,494
THRESHOLD,1423.4000000000963,95
SESSION,1423.6000000000963,496
SLIDING,1423.6000000000963,854
THRESHOLD,1423.8000000000964,97
SESSION,1424.0000000000964,498
SLIDING,1424.0000000000964,817
THRESHOLD,1424.2000000000965,97
SLIDING,1424.6000000000965,759
THRESHOLD,1424.6000000000965,97
SESSION,1424.6000000000965,514
SESSION,1425.0000000000966,507
THRESHOLD,1425.0000000000966,92
SLIDING,1425.0000000000966,716
TUMBLING,1425.0,738
THRESHOLD,1425.4000000000967,97
SLIDING,1425.6000000000968,703
SESSION,1425.6000000000968,503
THRESHOLD,1425.8000000000968,92
